序號,縣市及鄉鎮市區,村里,避難收容處所地址,經度,緯度,避難收容處所名稱,預計收容村里,預計收容人數,適用災害類別,管理人姓名,管理人電話,室內,室外,適合避難弱者安置,is_indoor,geometry,debrisstream_level,Avg_slope,Max_elevation,Slope_risk_level,rain_1hr,sigma_1hr,rain_1hr_rf,village_A65UP_CNT,fusion_class,fusion_label,flood_confidence
46,花蓮縣秀林鄉,和平村,和平112號,121.748879,24.308073,和平國小,和中部落,250,"水災,土石流",蔡金郎,03-868113,是,否,否,True,POINT (326011.1106515807 2689346.507721314),Safe,1.550992060814815,26.299999237060547,Low,2.6599599710547315,0.1312095609068077,2.905,247.0,9,無淹水(SAR無資料),low
1306,花蓮縣富里鄉,豐南村,豐南7鄰12-3號,121.2686,23.143,豐南社區活動中心,豐南村,50,"水災,震災,土石流,海嘯",黃瓊瑤,03-8831820,是,否,是,True,POINT (277505.7788830008 2560143.4173844056),High,5.911457185588702,311.9700012207031,Low,25.08053482919045,0.1097800852664708,23.706666666666667,177.0,0,無淹水,low
1332,花蓮縣富里鄉,富南村,富南村4鄰42-1號,121.2399,23.1612,玉寶宮,富南村,20,"水災,土石流",鄧仲量,03-8831822,是,否,是,True,POINT (274563.44670140836 2562153.6820209557),Safe,3.2684152989670703,248.0500030517578,Low,27.263645005477983,0.1127612172429297,26.725,148.0,0,無淹水,low
1342,花蓮縣富里鄉,永豐村,永豐10鄰20-1號,121.2565,23.1714,永豐社區活動中心,永豐村,50,"水災,土石流",黃瓊瑤,03-8831821,是,否,是,True,POINT (276261.14500775794 2563286.0855803615),Low,8.039099878329363,315.70001220703125,Low,26.6923461981873,0.1004469787038097,26.551666666666662,124.0,0,無淹水,low
1350,花蓮縣富里鄉,富里村,中山路205號,121.247624,23.174527,富里老人文康中心,富里村,100,"水災,土石流",古智雄,03-8831048,是,否,是,True,POINT (275351.8038631432 2563630.784185125),Safe,4.229494044960926,264.3999938964844,Low,27.387960112148978,0.1033095452961262,26.906666666666663,379.0,0,無淹水,low
1353,花蓮縣卓溪鄉,古風村,23鄰16-1號,121.2359,23.1784,石平社區活動中心,古風村石平社區,50,"水災,土石流",林章成,03-8881852,是,否,是,True,POINT (274150.79817006085 2564057.6717823483),Safe,10.943724090014609,363.2099914550781,Low,27.84387556413135,0.1118257842774086,26.918333333333333,143.0,0,無淹水,low
1355,花蓮縣富里鄉,富里村,中山路376號,121.2503,23.1795,富里鄉公所2樓,富里村,100,"水災,土石流",陳伯昇,03-8831111,是,否,是,True,POINT (275624.8277478156 2564181.943547989),Safe,8.842716775269578,311.5299987792969,Low,27.387960112148978,0.1033095452961262,26.371666666666663,379.0,0,無淹水,low
1379,花蓮縣富里鄉,石牌村,8鄰富北34-2號,121.2643,23.1928,石牌社區活動中心,石牌村,30,"水災,土石流",王貞予,03-8831323,是,否,是,True,POINT (277055.4301601831 2565657.270666278),Safe,4.836707084137049,234.9499969482422,Low,25.549289291857303,0.1006364488995495,24.86,235.0,0,無淹水,low
1386,花蓮縣富里鄉,明里村,3鄰明里37號,121.2522,23.1998,明里社區活動中心,明里村,50,"水災,土石流",徐祥寶,03-8846057,是,否,是,True,POINT (275815.4475165397 2566430.226969136),Safe,3.074848928023149,250.22999572753903,Low,26.10157122633624,0.100656784851151,27.195,105.0,0,無淹水,low
1389,花蓮縣富里鄉,羅山村,9鄰東湖39號,121.2776,23.2021,羅山縱管處,羅山村,50,"水災,土石流",徐祥寶,03-8821330,是,否,是,True,POINT (278414.94458397356 2566689.6567299357),Safe,4.788546317657566,259.2300109863281,Low,24.20734196220186,0.1017797941148626,22.211666666666662,117.0,0,無淹水,low
1422,花蓮縣卓溪鄉,古風村,崙天18號,121.2645,23.2192,古風國小,古風村崙天,100,"水災,土石流",黃印龍,03-8846058,是,否,是,True,POINT (277070.5856394184 2568580.755240187),High,2.6407636665310834,237.3500061035156,Low,24.170965148419747,0.0993242098219258,23.781666666666663,143.0,0,無淹水,low
1426,花蓮縣卓溪鄉,古風村,1鄰20號,121.2649,23.2202,崙天社區活動中心,古風村崙天社區,50,"水災,土石流",林章成,03-8881852,是,否,是,True,POINT (277111.3224925851 2568691.566643595),High,3.337324822139719,242.6199951171875,Low,24.170965148419747,0.0993242098219258,22.695,143.0,0,無淹水,low
1434,花蓮縣富里鄉,竹田村,1鄰東竹10號,121.2899,23.2261,新興竹田聯合社區活動中心,新興村,80,"水災,土石流",陳韋睿,03-8821423,是,否,是,True,POINT (279668.670933396 2569349.7993646013),Low,6.901517636607498,275.3099975585937,Low,21.870966565640337,0.0984556250645097,21.44833333333333,311.0,0,無淹水,low
1474,花蓮縣富里鄉,萬寧村,7鄰鎮寧100號,121.2982,23.251,萬寧社區活動中心,萬寧村,50,"水災,土石流",彭家玲,03-8861120,是,否,是,True,POINT (280512.4445744172 2572108.8778766426),Safe,3.96992377392258,200.8300018310547,Low,20.49277304720132,0.0962699082917331,21.0,191.0,0,無淹水,low
1487,花蓮縣富里鄉,東里村,1鄰福安路6-1號,121.3052,23.2673,東里社區活動中心,東里村,50,"水災,土石流",廖維正,03-8861165,是,否,是,True,POINT (281224.9069130923 2573915.390625604),Safe,1.913432745978382,170.4499969482422,Low,20.072793771994355,0.0947985136719506,22.28,277.0,0,無淹水,low
1495,花蓮縣玉里鎮,長良里,長良143-1號,121.2878,23.2768,長良社區活動中心,長良里,20,"水災,土石流",吳光玉,03-8801450,是,否,否,True,POINT (279442.62038884003 2574963.759871287),Medium,0.9277718465482608,171.77999877929688,Low,19.95728062937777,0.0952585411618855,20.24,138.0,0,無淹水,low
1500,花蓮縣卓溪鄉,卓清村,1鄰13號,121.2725,23.2775,清水社區活動中心,卓清村清水,50,"水災,土石流",劉筠捷,03-8885593,是,否,是,True,POINT (277877.2401245794 2575038.2518591564),High,15.658575368928728,384.2200012207031,Low,20.23227748753367,0.0970346750806196,20.67,152.0,0,無淹水,low
1501,花蓮縣富里鄉,吳江村,6鄰吳江65-3號,121.3227,23.2787,吳江社區活動中心,吳江村,70,"水災,土石流",彭家玲,03-8861180,是,否,是,True,POINT (283012.52931200824 2575181.6790751675),Safe,6.994433695809826,218.8000030517578,Low,21.26129543004221,0.0984088101612966,26.301666666666662,123.0,0,無淹水,low
1528,花蓮縣卓溪鄉,卓清村,12鄰18號,121.2703,23.2956,卓樂社區活動中心,卓清村卓樂社區,50,"水災,土石流",劉筠捷,03-8885593,是,否,是,True,POINT (277648.436821285 2577042.184939088),High,11.357231607780069,335.8699951171875,Low,19.830344393568847,0.0997825508905058,20.575,152.0,0,無淹水,low
1555,花蓮縣玉里鎮,樂合里,樂合65-5號,121.345,23.3183,樂合社區活動中心,樂合里,35,"水災,土石流",陳阿洲,03-8887126,是,否,否,True,POINT (285283.41587961034 2579572.1777487462),High,11.758212062642029,280.1600036621094,Low,30.97564357890506,0.1013498530307446,29.45833333333333,301.0,0,無淹水,low
1559,花蓮縣玉里鎮,源城里,水源57-1號,121.3004,23.3219,源城社區活動中心,源城里,35,"水災,土石流",徐永成,03-8889333,是,否,否,True,POINT (280721.2810329964 2579960.6670460785),Medium,6.287158317587626,225.47999572753903,Low,20.698577645735,0.0966155499164253,22.78833333333333,292.0,0,無淹水,low
1564,花蓮縣玉里鎮,中城里,信義路5號,121.3139,23.3275,玉里慈惠堂,中城里,40,"水災,土石流",何正雄,03-8882921,是,否,否,True,POINT (282100.5619874256 2580583.7336130952),Low,1.2448090180521814,138.8699951171875,Low,24.83722287325317,0.096013377591853,29.73333333333333,1273.0,0,無淹水,low
1576,花蓮縣玉里鎮,泰昌里,中正路144號,121.3153,23.3352,中正堂,國武里、泰昌里、啟模里、永昌,100,"水災,土石流",邱國峰,03-8883166206,是,否,否,True,POINT (282241.8736839009 2581436.7332820185),Medium,1.0874534787142909,136.5500030517578,Low,25.952072318973872,0.096616269098049,30.476666666666667,443.0,0,無淹水,low
1589,花蓮縣玉里鎮,東豐里,東豐石岡32之1號,121.3399,23.3389,東豐社區活動中心,東豐里,25,"水災,土石流",黎煥發,03-8883720,是,否,否,True,POINT (284756.4714791715 2581852.1650433317),Medium,7.445520471698668,180.83999633789065,Low,31.78775754955168,0.0974479516656591,32.57333333333333,142.0,0,無淹水,low
1601,花蓮縣卓溪鄉,卓溪村,7鄰73號,121.3038,23.3457,卓溪多功能活動中心,卓溪村,50,"水災,土石流",施慧玉,03-8980525,是,否,否,True,POINT (281063.45893636235 2582596.973967707),High,7.720699037894941,242.05999755859372,Low,24.533446087084684,0.097898296218099,21.595,137.0,0,無淹水,low
1645,花蓮縣玉里鎮,大禹里,大禹226號,121.3289,23.3805,大禹社區活動中心,大禹里,40,"水災,土石流",張添富,03-8886293,是,否,否,True,POINT (283621.17245813616 2586456.31708558),Medium,1.1117496912261713,106.83999633789062,Low,36.94004545536049,0.0962599980375726,53.72666666666667,271.0,0,無淹水,low
1662,花蓮縣玉里鎮,觀音里,觀音9-1號,121.3573,23.3951,觀音社區活動中心,觀音里,0,"水災,土石流",李貴福,8851223,是,否,是,True,POINT (286520.3306665426 2588080.0182325863),Medium,7.129407737626453,173.33999633789062,Low,48.08055815235563,0.0999831380632308,53.083333333333336,423.0,0,無淹水,low
1672,花蓮縣卓溪鄉,太平村,1鄰2號,121.3205,23.406,太平國小,太平村,100,"水災,土石流",林進明,03-8888713,是,否,是,True,POINT (282756.22055982274 2589278.2473384747),Low,16.607242644008405,276.6499938964844,Low,36.59523116807967,0.0947757399650621,39.91833333333334,85.0,0,無淹水,low
1673,花蓮縣卓溪鄉,太平村,6鄰79-1號,121.3166,23.4071,太平社區活動中心,太平村,50,"水災,土石流",潘佳屏,03-8841364,是,否,是,True,POINT (282357.35671440605 2589399.180800844),Safe,4.331027749309655,161.4199981689453,Low,38.3885008844235,0.0941140839720632,38.223333333333336,85.0,0,無淹水,low
1706,花蓮縣玉里鎮,松浦里,松浦214-3號,121.3737,23.4293,松浦社區活動中心,松浦里,0,"水災,土石流",林誠觀,03-8851650,是,否,否,True,POINT (288186.80739415955 2591871.584541348),Low,5.391994490440713,149.4499969482422,Low,43.36671392465908,0.1058499681420487,41.75833333333333,342.0,0,無淹水,low
1711,花蓮縣玉里鎮,三民里,三民131-2號,121.3498,23.4321,三民社區活動中心,三民里,25,"水災,土石流",彭新發,03-8841164,是,否,否,True,POINT (285743.7940738788 2592175.5264642076),Safe,8.112691438314759,134.1300048828125,Low,48.16823268935078,0.0973153904761673,45.56,241.0,0,無淹水,low
1718,花蓮縣卓溪鄉,古風村,12鄰4號,121.332,23.4363,古楓社區活動中心,古風村卓楓、白端社區,50,"水災,土石流",林章成,03-8881852,是,否,是,True,POINT (283923.84125755256 2592636.3322755164),Low,16.69704783903332,283.2699890136719,Low,47.50016777054413,0.095393154526987,54.82,143.0,0,無淹水,low
1719,花蓮縣卓溪鄉,立山村,6鄰58號,121.332,23.4363,立山社區活動中心,立山村,50,"水災,土石流",高雅芯,03-8841572,是,否,是,True,POINT (283923.84125755256 2592636.3322755164),Low,16.69704783903332,283.2699890136719,Low,47.50016777054413,0.095393154526987,54.82,155.0,0,無淹水,low
1726,花蓮縣卓溪鄉,崙山村,1鄰12號,121.3443,23.4391,崙山國小,崙山村、立山村,100,"水災,土石流",莊凱杰,03-8841350,是,否,是,True,POINT (285179.92736311053 2592949.3558232905),Safe,15.720001671941963,200.25999450683597,Low,47.95271930409559,0.0970128342539747,48.97,72.0,0,無淹水,low
1727,花蓮縣卓溪鄉,崙山村,1鄰11-1號,121.3438,23.4393,崙山社區活動中心,崙山村,50,土石流,施鎮村,03-8841362,是,否,是,True,POINT (285128.78501541924 2592971.381889701),Safe,14.425569709158378,205.91000366210935,Low,47.95271930409559,0.0970128342539747,48.97,72.0,0,無淹水,low
1757,花蓮縣玉里鎮,春日里,75-1號,121.3967,23.455,春日社區活動中心,春日里,35,"水災,土石流",陳青廉,03-8875453,是,否,否,True,POINT (290529.2649886572 2594723.910762402),Safe,2.1124344948338165,99.2699966430664,Low,27.84417830860939,0.1057317480887624,31.971666666666668,215.0,0,無淹水,low
1771,花蓮縣瑞穗鄉,舞鶴村,14鄰中正南路二段278號,121.3536,23.4602,舞鶴社區活動中心,舞鶴村,100,"水災,土石流",楊明林,03-8871755,是,否,是,True,POINT (286124.45349223685 2595288.2870667484),Safe,1.9249819458360635,239.2100067138672,Low,44.286517093369135,0.0975364011026927,33.89333333333333,272.0,0,無淹水,low
1778,花蓮縣豐濱鄉,靜浦村,64號,121.4954,23.4615,靜浦國小大禮堂,靜浦村,0,"水災,震災",李楊元,03-8781021,是,否,是,True,POINT (300610.73035354726 2595474.982753567),Safe,7.798567435406237,67.8499984741211,Low,4.543163624514256,0.1113703968233953,7.75,196.0,0,無淹水,low
1796,花蓮縣玉里鎮,德武里,5鄰能雅79號,121.4074,23.4669,德武里原住民多功能活動中心,德武里,50,"水災,土石流",余榮富,03-8873161,是,否,否,True,POINT (291618.7234218451 2596044.786180678),Safe,7.286204195081749,187.94000244140625,Low,21.669529203305263,0.1048134706354275,23.13833333333333,210.0,0,無淹水,low
1829,花蓮縣豐濱鄉,港口村,7鄰118號,121.5043,23.4745,港口活動中心,港口村,0,"水災,震災,土石流",蕭清秀,03-8791450,是,否,是,True,POINT (301514.93598810397 2596917.7931437977),Low,8.572306465648236,86.41999816894531,Low,4.207487403467985,0.1117691492080673,8.461666666666666,226.0,0,無淹水,low
1868,花蓮縣瑞穗鄉,瑞美村,仁愛路109號,121.3904,23.4909,瑞穗青蓮寺,全鄉,100,"水災,土石流",張雲艽,03-8875438,是,否,是,True,POINT (289874.8219614759 2598697.765977131),Safe,1.1788617770884589,86.9800033569336,Low,21.12838750915913,0.0975275165864315,29.515,565.0,0,無淹水,low
1870,花蓮縣瑞穗鄉,鶴岡村,167 號,121.39,23.4913,花蓮縣鶴岡國民小學,鶴岡村,100,"水災,震災",蔡伍原,03-8872740,否,否,否,True,POINT (289833.8459885673 2598741.951715035),Safe,1.0584011524933714,87.38999938964844,Low,21.12838750915913,0.0975275165864315,29.515,231.0,0,無淹水,low
1874,花蓮縣瑞穗鄉,瑞良村,4鄰信義路3號,121.394,23.4924,瑞良社區活動中心,瑞良村,30,"水災,土石流",黃義雄,03-8872559,是,否,是,True,POINT (290242.06873720355 2598864.881764207),Safe,1.866226908167156,83.0,Low,21.12838750915913,0.0975275165864315,29.411666666666665,172.0,0,無淹水,low
1878,花蓮縣瑞穗鄉,瑞美村,中山路二段389號,121.3916,23.4931,花蓮縣瑞穗鄉瑞美國民小學,瑞美村、瑞良村,50,"水災,土石流",簡三其,03-8872014,是,否,是,True,POINT (289996.72554691945 2598941.7310024835),Safe,1.5325101822678122,85.06999969482422,Low,21.12838750915913,0.0975275165864315,27.488333333333333,565.0,0,無淹水,low
1880,花蓮縣瑞穗鄉,瑞美村,13鄰中山路二段387號,121.3912,23.4937,瑞美社區活動中心,瑞美村,30,"水災,土石流",蘇院林,03-8871611,是,否,是,True,POINT (289955.6895821312 2599008.064740684),Safe,1.694387171313984,85.06999969482422,Low,21.12838750915913,0.0975275165864315,27.488333333333333,565.0,0,無淹水,low
1883,花蓮縣瑞穗鄉,奇美村,2鄰40號,121.4467,23.4942,奇美社區活動中心,奇美村,20,"水災,土石流",蔣國雄,03-8991001,是,否,是,True,POINT (295624.15173176024 2599079.9598654327),Safe,9.722876585130958,117.02999877929688,Low,8.76363121129922,0.1068353150924312,14.046666666666669,71.0,0,無淹水,low
1891,花蓮縣萬榮鄉,紅葉村,1鄰9號,121.3446,23.4954,紅葉社區活動中心,紅葉村,50,"水災,土石流,海嘯",胡春花,03-8871426,是,否,是,True,POINT (285195.64820501406 2599184.1413993775),Low,11.3612785066434,252.55999755859372,Low,38.757189524286304,0.0974779508726981,29.25,164.0,0,無淹水,low
1894,花蓮縣瑞穗鄉,瑞穗村,成功北路18號,121.3759,23.4982,花蓮縣立瑞穗國民中學,全鄉,200,"水災,土石流",賴慶翰,03-8873111,是,否,是,True,POINT (288391.68619722535 2599502.2314226856),Safe,1.607911038348114,106.5199966430664,Low,26.609694560663726,0.0959210946448151,24.246666666666663,530.0,0,無淹水,low
1901,花蓮縣瑞穗鄉,瑞祥村,4鄰祥北路二段127號,121.3588,23.4998,瑞祥社區活動中心,瑞祥村,30,"水災,土石流",黃崧庭,03-8876570,是,否,是,True,POINT (286644.7583462449 2599674.953009621),Low,6.729377604062387,178.6699981689453,Low,33.33250312661231,0.0973114304821216,29.48333333333333,286.0,0,無淹水,low
1902,花蓮縣瑞穗鄉,瑞穗村,14鄰民生街41號,121.3787,23.4998,瑞穗社區活動中心,瑞穗村,30,"水災,土石流",吳萬德,03-8872964,是,否,是,True,POINT (288677.1936650799 2599680.168899517),Safe,1.4756331237857423,101.19000244140624,Low,26.609694560663726,0.0959210946448151,23.863333333333333,530.0,0,無淹水,low
1913,花蓮縣壽豐鄉,豐裡村,中山路257號,121.3021,23.5034,豐裡活動中心,豐裡村,42,"水災,震災,土石流,海嘯",曾振倫,03-8652802,是,否,是,True,POINT (280853.0275079267 2600060.303111022),Safe,26.919373297409017,969.6300048828124,Medium,40.38703152588268,0.1243951216222668,28.106666666666666,330.0,0,無淹水,low
1923,花蓮縣瑞穗鄉,鶴岡村,14鄰85之6號,121.3911,23.5097,鶴岡社區活動中心,鶴岡村,30,"水災,土石流",余新德,03-8873392,是,否,是,True,POINT (289940.6526784037 2600779.9053693786),Safe,2.5999017368912813,104.5199966430664,Low,18.782870541786927,0.0982123201616213,24.91333333333333,231.0,0,無淹水,low
1957,花蓮縣瑞穗鄉,瑞北村,4鄰祥北路一段54之1號,121.3765,23.5267,瑞北社區活動中心,瑞北村,30,"水災,土石流",李孔忠,03-8871754,是,否,是,True,POINT (288444.69231018005 2602658.533124876),Medium,2.670685326470821,110.08999633789062,Low,21.515226118902547,0.0993422202003163,26.14333333333333,157.0,0,無淹水,low
2047,花蓮縣豐濱鄉,豐濱村,16鄰豐里49之1號,121.4859,23.5681,八里灣基督長老教會,豐濱村八里灣部落,0,"水災,震災",吳德助,03-8791653,是,否,是,True,POINT (299600.23612930306 2607276.8694605515),High,17.42862591420466,204.0200042724609,Low,8.42893890908609,0.1267244309628337,11.221666666666666,413.0,0,無淹水,low
2060,花蓮縣瑞穗鄉,富民村,2鄰中正路一段208之1號,121.3745,23.5743,富民社區活動中心,富民村,30,"水災,土石流",劉賢明,03-8811149,是,否,是,True,POINT (288226.70197353885 2607929.333306862),Low,1.5555104636269144,171.19000244140625,Low,16.48895488933663,0.1035624225508206,14.123333333333331,248.0,0,無淹水,low
2069,花蓮縣萬榮鄉,馬遠村,1鄰5號,121.362553,23.576867,馬遠社區活動中心,馬遠村,120,"水災,土石流,海嘯",溫秀瑛,03-8811184,是,否,是,True,POINT (287006.4934510464 2608210.4724362073),Medium,6.347736272736666,205.66000366210935,Low,17.270721539133238,0.109305002517521,20.14333333333333,147.0,0,無淹水,low
2070,花蓮縣萬榮鄉,馬遠村,2鄰馬遠39號,121.361934,23.576872,馬遠國民小學,馬遠村,200,"水災,土石流,海嘯",溫秀瑛,03-8811184,是,否,是,True,POINT (286943.3089359377 2608210.8663692637),Medium,7.089103079984497,222.6999969482422,Low,17.270721539133238,0.109305002517521,20.14333333333333,147.0,0,無淹水,low
2076,花蓮縣瑞穗鄉,富源村,10鄰學士路31號,121.3759,23.5776,富源社區活動中心,富源村,30,"水災,土石流",周玉梅,03-8811434,是,否,是,True,POINT (288368.6479610081 2608295.158466389),Medium,1.5768347868719002,176.85000610351562,Low,16.48895488933663,0.1035624225508206,13.165,225.0,3,僅SAR偵測,mid
2077,花蓮縣瑞穗鄉,富源村,9鄰中正路157號,121.3764,23.5778,富源消防分隊,富源村、富民村、富興村,75,"水災,土石流",方小明,03-8811885,是,否,是,True,POINT (288419.6259740318 2608317.4410320013),Medium,1.5839579861242832,176.85000610351562,Low,16.48895488933663,0.1035624225508206,13.895,225.0,0,無淹水,low
2085,花蓮縣瑞穗鄉,富興村,13鄰東興路134號,121.3877,23.5817,富興社區活動中心,富興村,30,"水災,土石流",莊明州,03-8811414,是,否,是,True,POINT (289571.8741134975 2608752.4145605946),Low,1.8001966843701185,182.08999633789065,Low,15.486918864145531,0.100414194617217,14.176666666666666,197.0,0,無淹水,low
2117,花蓮縣光復鄉,大全村,建國路一段1號,121.4125,23.598,光復自強外役監獄,大全村,300,"水災,震災,土石流",陳萬來,03-8703914#310,是,是,是,True,POINT (292097.99575205916 2610564.600773508),High,8.631746631906312,290.9100036621094,Low,14.542067332254298,0.1045090181826163,15.261666666666668,213.0,0,無淹水,low
2122,花蓮縣光復鄉,大富村,建國路一段 26之2號,121.4162,23.5992,花東山琉璃禪寺,大富村,50,"水災,震災,土石流",簡進發,03-8731340,是,否,是,True,POINT (292475.2200847362 2610698.586036493),High,10.322638514817244,303.6700134277344,Low,14.542067332254298,0.1045090181826163,15.236666666666666,90.0,0,無淹水,low
2130,花蓮縣豐濱鄉,豐濱村,光豐路26號,121.5218,23.6012,豐濱國中禮堂,豐濱村,0,"水災,震災,土石流",劉文彥,03-8791159,是,否,是,True,POINT (303251.58573922317 2610955.392640315),Safe,12.825850884265948,87.3499984741211,Low,8.122050231337202,0.1064618993051523,7.46,413.0,0,無淹水,low
2143,花蓮縣光復鄉,大富村,明德路29巷12號,121.3909,23.6073,大富國小,大富村.大豐村,80,"水災,震災,土石流",郭瑛忠,03-8701049,是,是,是,True,POINT (289890.75414080755 2611588.32548974),Safe,1.6734643701673046,189.5,Low,15.635989157324245,0.0964121036988902,17.098333333333333,90.0,0,無淹水,low
2177,花蓮縣光復鄉,大興村,民權街17號,121.3982,23.6323,大興國小,大興村,300,"水災,震災,土石流",陳吉文,03-8702987,是,是,是,True,POINT (290628.0067361875 2614358.967766744),Low,1.4274797620256183,158.0800018310547,Low,17.263451726015585,0.0955499439252035,21.718333333333334,116.0,0,無淹水,low
2180,花蓮縣光復鄉,大興村,民權街37號,121.3942,23.6338,大興活動中心,大興村,100,"水災,震災,土石流",劉建榮,03-8702216,是,否,是,True,POINT (290219.42755535623 2614523.9519436196),Medium,2.063331182163937,167.1999969482422,Low,17.263451726015585,0.0955499439252035,21.245,116.0,0,無淹水,low
2182,花蓮縣豐濱鄉,新社村,9鄰東興18-1號,121.5308,23.6351,東興部落原住民多功能活動中心,新社村及磯崎村,0,海嘯,石蓮花,03-8711158,是,否,是,True,POINT (304156.15155297134 2614713.023180864),High,11.944816629948669,102.7699966430664,Low,7.502136264003987,0.1043738212563576,7.0633333333333335,153.0,0,無淹水,low
2185,花蓮縣光復鄉,西富村,民有街51巷3-1號,121.4295,23.6362,馬佛活動中心,西富村,100,"水災,震災,土石流",高有民,03-8702206,是,否,是,True,POINT (293820.26048181043 2614800.116436315),Safe,1.9266191653898677,143.6999969482422,Low,16.2756586990624,0.106004368538058,16.348333333333333,302.0,0,無淹水,low
2202,花蓮縣光復鄉,南富村,建國路二段39號,121.4512,23.6419,砂荖活動中心,南富村,100,"水災,震災,土石流",吳福鍵,03-8702206,是,否,是,True,POINT (296032.2666469143 2615438.181239876),Safe,3.2791924776600005,152.5399932861328,Low,15.4026765825976,0.1098589502590134,13.331666666666669,266.0,0,無淹水,low
2219,花蓮縣豐濱鄉,新社村,150號,121.5354,23.6519,新社國小二樓綜合教室,新社村,200,"水災,震災,土石流",許傳方,03-8711138,是,否,是,True,POINT (304618.5143337005 2616575.295449927),Medium,13.87017106723976,131.8800048828125,Low,7.154250993290072,0.1026085297053573,7.618333333333333,153.0,0,無淹水,low
2220,花蓮縣光復鄉,大全村,中山路一段216巷8號,121.4184,23.6521,光復鄉立托兒所,大全村.大進村,100,"水災,震災,土石流",羅彩和,03-8705165,是,是,是,True,POINT (292682.59851441754 2616557.5870971964),Low,0.9733046410886173,126.66000366210938,Low,18.17209152124164,0.0982294736216463,20.26,213.0,0,無淹水,low
2227,花蓮縣光復鄉,西富村,中正路二段72巷14號,121.4494,23.6584,西南活動中心,西富村,100,"水災,震災,土石流",劉貴滿,03-8702923,是,否,是,True,POINT (295842.8751663231 2617264.8858005316),Safe,1.1390256872017204,115.1999969482422,Low,15.720802071334102,0.1079935895722295,13.406666666666666,302.0,0,無淹水,low
2232,花蓮縣光復鄉,北富村,中正路二段23號,121.4484,23.6601,太巴塱國小,北富村.西富村,100,"水災,震災,土石流",林萬男,03-8701134#10,是,是,是,True,POINT (295740.2734011969 2617452.830836474),Safe,1.6343544490760422,115.22000122070312,Low,16.815084677346775,0.1044122351570244,13.29,249.0,0,無淹水,low
2236,花蓮縣光復鄉,大同村,中正路一段370號,121.431,23.6633,大同活動中心,大同村,100,"水災,震災,土石流",吳張義,03-8701180,是,否,是,True,POINT (293964.2454033442 2617801.746475203),Safe,2.022468974066295,120.27999877929688,Low,17.584992222552803,0.1022331125164697,16.885,315.0,0,無淹水,low
2244,花蓮縣光復鄉,大華村,中華路257號,121.4233,23.6694,光復鄉公所,大安村、大華村,100,"水災,震災,土石流",黃微鈞,03-8702206#239,是,是,是,True,POINT (293176.7920188827 2618474.937116899),Medium,2.240404917379007,161.6999969482422,Low,18.366842391754545,0.0991377418754963,20.85833333333333,411.0,0,無淹水,low
2247,花蓮縣光復鄉,大馬村,林森路200號,121.4248,23.6705,光復國中,大平村.大馬村.大同村,100,"水災,震災,土石流",葉淑貞,03-8701027,是,是,是,True,POINT (293329.4320029559 2618597.2106575104),Medium,1.1052264729780894,126.68000030517578,Low,18.366842391754545,0.0991377418754963,20.85833333333333,281.0,0,無淹水,low
2277,花蓮縣光復鄉,東富村,東富路60號,121.4825,23.6845,東富國小,東富村,100,"水災,震災,土石流",鄭金寶,03-8701292,是,是,是,True,POINT (299209.6549715424 2620166.352207641),Safe,8.981322559743287,165.74000549316406,Low,11.795867887463729,0.1026669218970779,10.398333333333332,266.0,0,無淹水,low
2293,花蓮縣萬榮鄉,明利村,5鄰75號,121.4018,23.696,馬太鞍社區活動中心,明利村,80,"水災,土石流,海嘯",許花麗,03-8751114,是,否,是,True,POINT (290975.4591644779 2621414.399873519),Safe,14.11522974109827,303.739990234375,Low,19.111809983724008,0.0959505423615063,18.626666666666665,124.0,0,無淹水,low
2323,花蓮縣萬榮鄉,明利村,2鄰34-8號,121.412375,23.704834,明利社區活動中心,明利村,100,"水災,土石流,海嘯",許花麗,03-8751114,是,否,是,True,POINT (292051.0771216389 2622395.7988191787),Safe,10.347206773748695,264.6300048828125,Low,18.15831252395619,0.0949092069659057,17.205,124.0,0,無淹水,low
2333,花蓮縣豐濱鄉,磯崎村,71號,121.5419,23.7085,磯崎村辦公處活動中心,磯崎村,0,"水災,震災,土石流",李貴良,03-8711029,是,否,是,True,POINT (305257.8102027752 2622846.015979763),Medium,21.54398908052412,146.5800018310547,Medium,3.887962881356082,0.1033239140557888,3.81,100.0,0,無淹水,low
2337,花蓮縣鳳林鎮,長橋里,長橋路4號,121.4195,23.7097,長橋社區活動中心,長橋里,50,"水災,土石流",董經碩,03-8751131,是,否,否,True,POINT (292776.05646539433 2622936.804301646),Safe,1.4291127943116793,145.0800018310547,Low,17.340222320763957,0.0948521368536022,15.51,312.0,3,僅SAR偵測,mid
2338,花蓮縣萬榮鄉,明利村,1鄰13-3號,121.414808,23.709766,萬榮鄉立幼兒園,明利村,50,"水災,土石流,海嘯",許花麗,03-8751114,是,否,是,True,POINT (292297.5902294289 2622942.7127505075),Safe,1.6117874837379322,152.0500030517578,Low,18.15831252395619,0.0949092069659057,16.388333333333332,124.0,0,無淹水,low
2350,花蓮縣萬榮鄉,萬榮村,1鄰8號,121.410119,23.714392,萬榮社區活動中心,萬榮村,50,"水災,土石流,海嘯",陳如花,03-8751497,是,否,是,True,POINT (291817.97692076454 2623453.6347474623),Safe,11.542997838436095,281.3800048828125,Low,17.657033724284528,0.094888654761678,17.795,130.0,0,無淹水,low
2357,花蓮縣鳳林鎮,森榮里,林森路113-1號,121.3972,23.7176,森榮里辦公處,森榮里,30,水災,董經碩,03-8751926,是,否,否,True,POINT (290499.67979584524 2623805.171759358),Safe,12.061175182876504,253.1000061035156,Low,18.96338717837343,0.1002171593851605,19.42333333333333,26.0,0,無淹水,low
2384,花蓮縣鳳林鎮,鳳信里,中正路1段120巷24號,121.4434,23.7297,鳳信社區活動中心,鳳信里,50,"水災,土石流",傅金棟,03-8764212,是,否,否,True,POINT (295206.2560911946 2625159.0912289987),Low,1.0276009861545874,122.69000244140624,Low,13.686550823356384,0.094632476398276,11.88,371.0,0,無淹水,low
2397,花蓮縣鳳林鎮,鳳智里,中華路2號,121.449348,23.741218,樂活會館,鳳義里、鳳信里、山興里、南平里,150,"水災,震災,土石流",詹芳雅,03-8762771轉191,是,否,否,True,POINT (295808.6581658733 2626436.560998109),Safe,0.8798020203875848,109.76000213623048,Low,10.779303719898865,0.0953428468139341,10.131666666666666,328.0,0,無淹水,low
2401,花蓮縣鳳林鎮,鳳智里,中正路2段1號,121.4472,23.7429,鳳林鎮藝文中心,鳳智里、山興里,300,"水災,震災,土石流",巫賢偉,03-8762031#14,是,是,否,True,POINT (295589.0924859115 2626622.1455270713),Safe,1.0225815712147648,110.37000274658205,Low,12.214537959359378,0.0948998934256949,10.341666666666669,328.0,0,無淹水,low
2403,花蓮縣鳳林鎮,鳳智里,鳳林鎮光復路8號,121.4488,23.7439,鳳林國中進德堂,鳳智里,350,"水災,震災,土石流",鍾孔麟,03-8762021,是,是,否,True,POINT (295751.8549175613 2626733.404814214),Safe,0.9133409855468952,109.06999969482422,Low,12.214537959359378,0.0948998934256949,10.571666666666667,328.0,3,僅SAR偵測,mid
2405,花蓮縣鳳林鎮,鳳智里,光華路124號,121.4518,23.7447,鳳林鎮公所,鳳智里,80,"水災,震災,土石流",蕭文龍,03-8762772,是,否,否,True,POINT (296057.4058147295 2626822.969289942),Safe,0.9877926694574952,107.18000030517578,Low,10.779303719898865,0.0953428468139341,10.968333333333334,328.0,0,無淹水,low
2410,花蓮縣鳳林鎮,鳳智里,大同街7-1號,121.451,23.746,"鳳禮,鳳智里活動中心",鳳智里、鳳禮里,60,"水災,土石流",張燕春,03-8763910,是,否,是,True,POINT (295975.3947126368 2626966.6801252686),Safe,0.8655770006834713,105.0199966430664,Low,10.779303719898865,0.0953428468139341,10.968333333333334,328.0,0,無淹水,low
2420,花蓮縣鳳林鎮,鳳義里,鳳林鎮水源路56-2號,121.4393,23.7491,鳳義社區活動中心,鳳義里,50,土石流,傅金棟,03-8763004,是,否,否,True,POINT (294781.60875354125 2627306.2602690235),Safe,1.292012610960049,109.58000183105467,Low,12.214537959359378,0.0948998934256949,11.891666666666667,221.0,0,無淹水,low
2422,花蓮縣鳳林鎮,鳳仁里,中華路111號,121.452,23.7498,鳳仁社區活動中心,鳳仁里,50,"水災,土石流",劉清盛,03-8763174,是,否,否,True,POINT (296076.0001568556 2627387.837892508),Safe,0.9928673505892394,100.9499969482422,Low,10.136907493947804,0.0957490763096962,10.991666666666667,358.0,0,無淹水,low
2429,花蓮縣鳳林鎮,鳳仁里,鳳林鎮光復路94號,121.4518,23.7512,鳳仁國小羽球館,鳳仁里,300,"水災,震災,土石流",鍾肇憲,03-8762201,是,是,否,True,POINT (296055.1198462017 2627542.8173849876),Low,1.1537324680685914,100.69000244140624,Low,10.136907493947804,0.0957490763096962,10.991666666666667,358.0,0,無淹水,low
2433,花蓮縣鳳林鎮,大榮里,復興路69號,121.4676,23.7523,大榮2村社區活動中心,大榮里,50,"水災,土石流",劉清盛,03-8763419,是,否,否,True,POINT (297665.3473282901 2627669.842936525),Safe,0.7119954244750544,90.41000366210938,Low,8.696873512103034,0.096360706547388,9.993333333333334,374.0,0,無淹水,low
2434,花蓮縣鳳林鎮,大榮里,鳳林鎮大榮3路15號,121.4676,23.7523,大榮1村社區活動中心,大榮里,50,"水災,土石流",劉清盛,03-8763419,是,否,否,True,POINT (297665.3473282901 2627669.842936525),Safe,0.7119954244750544,90.41000366210938,Low,8.696873512103034,0.096360706547388,9.993333333333334,374.0,0,無淹水,low
2480,花蓮縣鳳林鎮,北林里,民和路1號,121.471,23.7672,北林3村社區活動中心,北林里,50,土石流,戴佳明,8761724,是,否,否,True,POINT (298006.47013876145 2629321.105259587),Safe,0.846996245835257,86.19999694824219,Low,6.810989145282998,0.0973352491871316,9.321666666666667,185.0,0,無淹水,low
2505,花蓮縣鳳林鎮,南平里,自強路368-1號,121.4584,23.7817,南平社區活動中心,南平里,50,"水災,土石流",江麗琴,03-8771735,是,否,否,True,POINT (296717.02230845543 2630922.7287000204),Low,1.4424768822170166,116.9499969482422,Low,9.04622719418653,0.0968691856151703,10.545,203.0,0,無淹水,low
2506,花蓮縣壽豐鄉,水璉村,水璉二街21號,121.5472,23.7817,水璉活動中心,水璉村,41,"水災,震災,土石流",黃文達,03-8601055,是,否,是,True,POINT (305767.0884771225 2630954.755496336),Safe,21.02893220600743,226.8800048828125,Medium,0.9609911219342862,0.1128950259289717,2.518333333333333,199.0,0,無淹水,low
2509,花蓮縣萬榮鄉,見晴村,7鄰89號,121.451955,23.783512,見晴國民小學,見晴村,130,"水災,土石流,海嘯",馬麗琴,03-8771034,是,否,是,True,POINT (296059.5438953651 2631121.2968113907),Medium,1.3427208860388655,126.16000366210938,Low,9.04622719418653,0.0968691856151703,11.415,64.0,0,無淹水,low
2534,花蓮縣壽豐鄉,米棧村,米棧路二段21號,121.5243,23.7951,米棧活動中心,米棧村,34,"水災,震災,土石流,海嘯",黃明輝,03-8741367,是,否,是,True,POINT (303427.745482022 2632429.9681485896),Medium,26.76539990192565,285.8699951171875,Medium,1.812829515732632,0.0992615221801157,5.608333333333333,85.0,0,無淹水,low
2561,花蓮縣鳳林鎮,林榮里,永康路54號,121.45,23.8035,林榮社區活動中心,林榮里,50,"水災,土石流",江麗琴,03-8771014,是,否,否,True,POINT (295853.2893402048 2633334.2652251176),Safe,2.115138611788194,161.02000427246094,Low,9.505758236458243,0.0982200898781009,11.375,259.0,0,無淹水,low
2598,花蓮縣壽豐鄉,溪口村,溪口路103巷2號,121.4734,23.8195,溪口活動中心,溪口村,50,"水災,震災,土石流,海嘯",黃素珠,03-8652809,是,否,是,True,POINT (298231.7853609876 2635113.9721084097),Low,2.6768074533455324,141.35000610351562,Low,6.740979005543712,0.0993814645362252,9.896666666666668,302.0,0,無淹水,low
2619,花蓮縣壽豐鄉,豐坪村,豐坪路2段73號,121.5096,23.8351,豐坪活動中心,豐坪村,32,"水災,震災,土石流,海嘯",曾振倫,03-8652803,是,否,是,True,POINT (301913.83432841464 2636854.413017935),Safe,1.00176619697774,55.040000915527344,Low,3.456827282921366,0.1022372727372867,9.865,254.0,0,無淹水,low
2629,花蓮縣壽豐鄉,樹湖村,大樹腳59號,121.4692,23.8407,樹湖活動中心,樹湖村,38,"水災,震災,土石流,海嘯",黃素珠,03-8652810,是,否,是,True,POINT (297796.0986824759 2637460.391483157),High,15.963577516963468,240.2100067138672,Low,9.089087229555714,0.1074306197854101,9.523333333333332,103.0,0,無淹水,low
2639,花蓮縣壽豐鄉,豐山村,中山路41號,121.4918,23.8464,豐山國小,豐山村,50,"水災,震災,土石流,海嘯",林忠宏,03-8651640,是,否,是,True,POINT (300096.14484740136 2638099.4572061654),Safe,1.0654022796198854,59.970001220703125,Low,6.10239704717509,0.1048799657828699,14.086666666666666,493.0,0,無淹水,low
2643,花蓮縣壽豐鄉,豐山村,中山路127巷15號,121.4936,23.8478,豐山活動中心,豐山村,47,"水災,震災,土石流,海嘯",陳春盛,03-8652801,是,否,是,True,POINT (300278.96098742296 2638255.1414862466),Safe,0.980291248524686,55.13999938964844,Low,6.10239704717509,0.1048799657828699,16.53,493.0,0,無淹水,low
2660,花蓮縣萬榮鄉,西林村,8鄰134號,121.342737,23.855288,西林社區活動中心,西林村,100,"水災,土石流,海嘯",郭瑪利,03-8771524,是,否,是,True,POINT (284909.63392708445 2639039.0632001613),Safe,49.26000154893558,1378.760009765625,High,22.877388297889624,0.4625096441989843,20.95,170.0,3,僅SAR偵測,mid
2668,花蓮縣萬榮鄉,西林村,7鄰103號,121.3593,23.8576,西林天主堂,西林村,100,"水災,土石流,海嘯",郭瑪利,03-8771524,是,否,是,True,POINT (286596.03109752113 2639299.2892720154),Safe,47.7075545981844,1293.0,High,23.74819519567354,0.4149761542477134,21.64333333333333,170.0,0,無淹水,low
2688,花蓮縣壽豐鄉,月眉村,月眉路3段24號,121.556384,23.867967,月眉國小,壽豐鄉月眉村,50,"水災,震災,土石流,海嘯",劉康盛,03-8631011,是,否,是,True,POINT (306665.60515472107 2640512.3024018425),Medium,2.500396104841055,56.72999954223633,Low,4.224362804700337,0.1033507324281623,6.786666666666667,221.0,0,無淹水,low
2689,花蓮縣壽豐鄉,米棧村,米棧路一段53號,121.5564,23.8681,月眉國小-米棧分校,米棧村,45,"水災,震災,土石流,海嘯",鍾萬仁,03-8741270,是,否,是,True,POINT (306667.1768488699 2640527.0383926625),Medium,2.4635557121697187,56.08000183105469,Low,4.224362804700337,0.1033507324281623,6.786666666666667,85.0,0,無淹水,low
2691,花蓮縣壽豐鄉,壽豐村,壽豐路1段97號,121.5099,23.8691,壽豐活動中心,壽豐村,13,"水災,震災,土石流,海嘯",劉鳳珠,03-8652805,是,否,是,True,POINT (301930.84527069924 2640619.9543755394),Safe,1.8380873660271757,42.2599983215332,Low,6.931131088810517,0.1064592119279247,11.436666666666667,427.0,0,無淹水,low
2693,花蓮縣壽豐鄉,共和村,農墾2街38號,121.5308,23.8693,共和活動中心,共和村,31,"水災,震災,土石流,海嘯",劉鳳珠,03-8652804,是,否,是,True,POINT (304059.36643238255 2640649.926792184),Safe,1.568629551280984,34.709999084472656,Low,5.207640344574467,0.1032838890906476,8.831666666666667,224.0,0,無淹水,low
2697,花蓮縣壽豐鄉,壽豐村,壽山路26號,121.5091,23.8704,壽豐鄉公所,壽豐鄉各村,50,"水災,震災,土石流,海嘯",李昌貴,03-8654110,否,是,是,True,POINT (301848.8500124562 2640763.6338806227),Safe,1.2430575379551252,42.18999862670898,Low,6.931131088810517,0.1064592119279247,11.446666666666667,427.0,0,無淹水,low
2698,花蓮縣壽豐鄉,壽豐村,公園路30號,121.5091,23.8704,文化中心,壽豐村,50,"水災,震災,土石流,海嘯",陳自強,03-8652131-122,是,否,是,True,POINT (301848.8500124562 2640763.6338806227),Safe,1.2430575379551252,42.18999862670898,Low,6.931131088810517,0.1064592119279247,11.446666666666667,427.0,0,無淹水,low
2701,花蓮縣壽豐鄉,鹽寮村,鹽寮165號,121.59829,23.871385,鹽寮活動中心,鹽寮村,15,"水災,震災,土石流",黃文達,03-8671123,是,否,是,True,POINT (310932.0744907276 2640908.2461932027),High,14.18633169550179,151.3000030517578,Low,3.992076889893069,0.1494662350338803,6.9816666666666665,112.0,0,無淹水,low
2722,花蓮縣壽豐鄉,光榮村,光榮1街26之1號,121.5143,23.8817,光榮活動中心,光榮村,39,"水災,震災,土石流,海嘯",沈佩儀,03-8652806,是,否,是,True,POINT (302373.9021748614 2642017.00459218),Safe,1.248631282160668,48.709999084472656,Low,8.170305819177013,0.1073074016921798,11.391666666666667,230.0,0,無淹水,low
2727,花蓮縣壽豐鄉,平和村,平和路32號,121.5197,23.8837,平和活動中心,平和村,49,"水災,震災,土石流,海嘯",陳美珠,03-8661801,是,否,是,True,POINT (302923.00959640945 2642240.510636051),Safe,1.7709597284242422,51.040000915527344,Low,7.0930413869826285,0.1050398132438617,10.15,362.0,0,無淹水,low
2792,花蓮縣壽豐鄉,月眉村,月眉路三段108號,121.554,23.8996,月眉活動中心,月眉村,53,"水災,震災,土石流,海嘯",黃明輝,03-8631116,是,否,是,True,POINT (306409.08318286063 2644014.672605505),Safe,0.9030192189805588,37.08000183105469,Low,6.824550680481614,0.1016678774333042,5.583333333333333,221.0,0,無淹水,low
2804,花蓮縣壽豐鄉,志學村,中正路120巷13號,121.5322,23.9053,志學活動中心,志學村,40,"水災,震災,土石流,海嘯",徐琬玲,03-8661800,是,否,是,True,POINT (304186.955610247 2644637.41710984),Medium,0.903652865853003,50.130001068115234,Low,9.40904709282655,0.1036459334313018,9.231666666666667,579.0,0,無淹水,low
2848,花蓮縣壽豐鄉,池南村,池南路2段17號,121.506,23.9197,池南活動中心,池南村,53,"水災,震災,土石流,海嘯",沈佩儀,03-8641008,是,否,是,True,POINT (301513.5956253314 2646222.4056965304),Medium,9.951383713524452,250.80999755859372,Low,14.89658767627378,0.1114311384530048,12.866666666666667,240.0,0,無淹水,low
2876,花蓮縣吉安鄉,光華村,光華二街200號,121.578,23.934,光華活動中心,光華村,37,"水災,震災,土石流",葉光南,8422057,是,否,是,True,POINT (308837.271167791 2647834.244769233),Safe,1.128129918158035,36.9900016784668,Low,6.371246050205026,0.1000805951274038,8.883333333333333,425.0,0,無淹水,low
2902,花蓮縣吉安鄉,干城村,干城一街97巷1號,121.545,23.9474,干城活動中心,干城村,35,"水災,震災,土石流",林世昌,8526086,是,否,是,True,POINT (305472.2508450446 2649304.9343518005),Low,1.2156814271289578,80.69999694824219,Low,10.173676552573898,0.1013495720185392,5.841666666666667,308.0,9,無淹水(SAR無資料),low
2903,花蓮縣秀林鄉,文蘭村,6鄰79號,121.5068,23.9479,文蘭活動中心,重光、米亞丸社區,100,"水災,震災,土石流,海嘯",杜明輝,955079056,是,否,是,True,POINT (301583.83422257914 2649345.8226170195),Medium,6.361555342108814,190.38999938964844,Low,17.344538927088042,0.1070081173739362,13.593333333333334,170.0,0,無淹水,low
2912,花蓮縣吉安鄉,仁安村,南海三街71號,121.5968,23.9517,仁安活動中心,仁安村,63,"水災,震災,土石流",蔡文隆,8422948,是,否,是,True,POINT (310742.7687564499 2649802.486324302),Safe,1.0440334203779216,15.8100004196167,Low,5.252320343377827,0.098899869515103,5.425,515.0,9,無淹水(SAR無資料),low
2916,花蓮縣吉安鄉,南華村,南華四街123號,121.5513,23.9527,南華活動中心,南華村,63,"水災,震災,土石流",蕭萬生,8534573,是,否,是,True,POINT (306111.2102258299 2649894.39894424),Low,1.3260216177430015,71.29000091552734,Low,8.820432912696624,0.100740616081754,6.546666666666667,446.0,9,無淹水(SAR無資料),low
2921,花蓮縣吉安鄉,稻香村,慶豐路79號,121.5757,23.9548,稻香活動中心,稻香村,40,"水災,震災,土石流",鄧桂英,8533083,是,否,是,True,POINT (308593.7440494969 2650136.8908623653),Safe,1.0491571556961057,39.43000030517578,Low,6.69163559888578,0.0991081792571037,10.258333333333333,753.0,9,無淹水(SAR無資料),low
2922,花蓮縣吉安鄉,永興村,永興七街86號,121.5683,23.955,永興活動中心,永興村,53,"水災,震災,土石流",陳源忠,8526058,是,否,是,True,POINT (307840.47894325847 2650155.987892026),Safe,1.0342466616987736,47.41999816894531,Low,6.69163559888578,0.0991081792571037,10.058333333333334,700.0,9,無淹水(SAR無資料),low
2923,花蓮縣吉安鄉,仁和村,南海三街314號,121.5876,23.9563,仁和活動中心,仁和村,101,"水災,震災,土石流",賴明章,8523002,是,否,是,True,POINT (309804.24193199066 2650308.0089116357),Safe,1.0539686827655157,24.399999618530277,Low,5.252320343377827,0.098899869515103,7.273333333333333,1022.0,9,無淹水(SAR無資料),low
2950,花蓮縣秀林鄉,銅門村,9鄰53號,121.4944,23.965,銅門收容所,銅門村,70,"水災,土石流",何文忠,03-8641057,是,否,是,True,POINT (300315.0629534215 2651235.1593953525),High,10.95000578778958,236.44000244140625,Low,19.46018701205477,0.116461589940005,20.843333333333334,203.0,9,無淹水(SAR無資料),low
2953,花蓮縣吉安鄉,東昌村,東海六街74號,121.5953,23.9658,東昌活動中心,東昌村,47,"水災,震災,土石流",魏錦添,8528607,是,否,是,True,POINT (310583.50510141504 2651363.4247226934),Safe,1.599477436906975,16.6299991607666,Low,4.599387424640511,0.0971755620185888,4.961666666666667,1285.0,9,無淹水(SAR無資料),low
2961,花蓮縣吉安鄉,仁里村,仁里五街1號,121.5925,23.9684,仁里活動中心,仁里村,90,水災,楊昇達,8514057,是,否,是,True,POINT (310297.33342544193 2651650.176606109),Safe,1.735667042982599,18.21999931335449,Low,4.599387424640511,0.0971755620185888,5.905,1555.0,9,無淹水(SAR無資料),low
2964,花蓮縣花蓮市,主農里,中順街77號,121.5968,23.9688,主農社區活動中心,主農、主安里,50,"水災,土石流,海嘯",劉冠宏,03-8350088,是,否,是,True,POINT (310734.75750544015 2651696.3219965333),Safe,1.6383158292331348,15.06999969482422,Low,4.599387424640511,0.0971755620185888,4.898333333333333,784.0,9,無淹水(SAR無資料),low
2965,花蓮縣吉安鄉,福興村,福德街1號,121.5624,23.9689,福興活動中心,福興村,106,"水災,震災,土石流",黃朝彬,8526216,是,否,是,True,POINT (307233.83815630234 2651693.009730497),Low,1.0949244921407242,45.5,Low,7.224793067776604,0.0999888753815318,8.121666666666666,614.0,9,無淹水(SAR無資料),low
2970,花蓮縣吉安鄉,南昌村,文化七街64號,121.5797,23.9704,南昌活動中心,南昌村,72,"震災,土石流,海嘯",陳振興,8521081,是,否,是,True,POINT (308993.7667042257 2651866.264268923),Safe,0.9819125725427412,29.68000030517578,Low,5.299508500107539,0.097407622038495,8.328333333333333,876.0,9,無淹水(SAR無資料),low
2973,花蓮縣花蓮市,主學里,中正路210號,121.5997,23.9717,中正國小,主農、主安、主力、主學、主權、主和等里,187,"水災,土石流,海嘯",陳世文,03-8322819,是,否,否,True,POINT (311028.5243142897 2652018.7512501045),Safe,0.8869399547307634,12.869999885559082,Low,4.0471764595215625,0.0991378859701144,4.358333333333333,433.0,9,無淹水(SAR無資料),low
2974,花蓮縣花蓮市,主權里,中原路531號,121.5964,23.9718,中原國小文中三國中預定地,主農、主安、主力、主學、主權、主和等里,85,"水災,土石流,海嘯",陳雅琪,03-8333547,是,否,否,True,POINT (310692.64447455696 2652028.4020810653),Safe,0.8927438514283963,15.300000190734863,Low,4.599387424640511,0.0971755620185888,4.43,1202.0,9,無淹水(SAR無資料),low
2981,花蓮縣吉安鄉,吉安村,吉安路二段97號,121.5628,23.9734,吉安國小,吉安村,223,"水災,震災,土石流",廖必偉,8523984,是,否,是,True,POINT (307272.55693917465 2652191.5486071426),Low,1.169189786565222,42.5099983215332,Low,7.224793067776604,0.0999888753815318,7.74,1236.0,9,無淹水(SAR無資料),low
2982,花蓮縣花蓮市,主睦里,成功街169號,121.6058,23.9734,花蓮城隍廟香客大樓,花蓮市各里,100,"水災,土石流,海嘯",孫吉造,03-8222854,是,否,否,True,POINT (311648.4980430141 2652209.6812115135),Safe,0.8189311889002535,8.510000228881836,Low,4.0471764595215625,0.0991378859701144,3.911666666666666,130.0,9,無淹水(SAR無資料),low
2984,花蓮縣吉安鄉,吉安村,中興路355巷7號,121.5643,23.9736,吉安活動中心,吉安村,32,"震災,土石流,海嘯",溫金勝,8535282,是,否,是,True,POINT (307425.1170296769 2652214.3087507007),Low,1.2247023790949951,41.630001068115234,Low,7.224793067776604,0.0999888753815318,7.833333333333333,1236.0,9,無淹水(SAR無資料),low
2986,花蓮縣吉安鄉,吉安村,中山路三段99巷18號,121.5742,23.974,五穀宮,全鄉,70,"水災,震災,土石流",林俊德,8521334,是,否,是,True,POINT (308432.4173804745 2652262.6761544044),Safe,1.264108789701686,32.09000015258789,Low,6.168156429646988,0.0986411417832623,9.648333333333332,1236.0,9,無淹水(SAR無資料),low
2989,花蓮縣吉安鄉,勝安村,慈惠一街30號,121.5869,23.9754,勝安活動中心,勝安村,38,"水災,震災,土石流",陳昌周,8522377,是,否,是,True,POINT (309724.1945354357 2652423.0482982965),Safe,1.6525332810858735,23.32999992370605,Low,5.058694708264102,0.0973635979580441,7.1,1201.0,9,無淹水(SAR無資料),low
2990,花蓮縣吉安鄉,宜昌村,吉祥六街52巷9號,121.5832,23.9756,宜昌活動中心,宜昌村,49,"震災,土石流,海嘯",范來新,8535389,是,否,是,True,POINT (309347.57423514134 2652443.6360814073),Safe,1.7225124143606894,26.739999771118164,Low,5.058694708264102,0.0973635979580441,7.3,994.0,9,無淹水(SAR無資料),low
2991,花蓮縣花蓮市,主力里,中華路298號,121.5986,23.9756,忠孝國小,主力、主學等里,47,"水災,土石流,海嘯",程立,03-8351218,是,否,否,True,POINT (310914.7463590562 2652450.203902824),Safe,0.9171442172681752,14.350000381469728,Low,3.776877616608092,0.0985059549543851,4.245,658.0,9,無淹水(SAR無資料),low
2992,花蓮縣花蓮市,主權里,中原路666號,121.5938,23.9757,主權社區活動中心,主權里,72,"水災,土石流,海嘯",徐淑憶,03-8333749,是,否,是,True,POINT (310426.2301686534 2652459.213506013),Safe,0.962470049099843,17.700000762939453,Low,4.341662557146921,0.0968364044164122,4.475,1202.0,9,無淹水(SAR無資料),low
2996,花蓮縣吉安鄉,勝安村,慈惠三街118號,121.5867,23.9777,勝安宮,勝安村,1300,"水災,震災,土石流",田後隆,8528658,是,否,是,True,POINT (309702.7816508189 2652677.690251994),Safe,1.2780522930036615,23.559999465942383,Low,5.058694708264102,0.0973635979580441,7.1,1201.0,9,無淹水(SAR無資料),low
2998,花蓮縣吉安鄉,勝安村,慈惠三街136號,121.586,23.978,聖地慈惠堂,勝安村,700,"震災,土石流",劉幫政,8521334,是,否,是,True,POINT (309631.4096483245 2652710.619213127),Safe,1.300842048741115,25.32999992370605,Low,5.058694708264102,0.0973635979580441,7.1,1201.0,9,無淹水(SAR無資料),low
2999,花蓮縣花蓮市,民權里,公園路53號,121.6142,23.978,中正體育館,花蓮市各里,593,"水災,土石流",劉國華,03-8580686,是,否,否,True,POINT (312501.1164665039 2652722.834205722),Safe,3.807803769376181,21.57999992370605,Low,3.3434997671931823,0.1037109478215767,3.7516666666666665,95.0,9,無淹水(SAR無資料),low
3000,花蓮縣花蓮市,國風里,林政街7號,121.5954,23.9785,國風國中,國華、國風等里,800,"水災,土石流,海嘯",王錦懋,03-8323847,是,否,是,True,POINT (310587.7436188541 2652770.0025201617),Safe,1.2352922139252662,16.899999618530273,Low,4.341662557146921,0.0968364044164122,4.316666666666666,816.0,9,無淹水(SAR無資料),low
3004,花蓮縣花蓮市,國風里,明義街107號,121.6029,23.979,明義國小,國華、國光、國威、國治、國魂、國安、國防、國聯、國盛、國風、民主、民治、民有、民族、民生、民權、主商、主勤、主計、主義、主工、主睦、主信等里,185,"水災,土石流,海嘯",郭文隆,03-8326686,是,否,是,True,POINT (311350.72366261826 2652828.621581444),Safe,0.7433034477677917,10.140000343322754,Low,3.776877616608092,0.0985059549543851,3.8966666666666665,816.0,9,無淹水(SAR無資料),low
3021,花蓮縣花蓮市,國威里,林森路252號,121.6068,23.9821,花蓮市公所,花蓮市各里,37,"水災,土石流,海嘯",彭莉萍,03-8322141,是,否,是,True,POINT (311746.11732416926 2653173.652573151),Safe,0.9076020406779788,10.93000030517578,Low,3.776877616608092,0.0985059549543851,3.881666666666667,486.0,9,無淹水(SAR無資料),low
3023,花蓮縣吉安鄉,慶豐村,慶北一街237號,121.5632,23.9825,慶豐活動中心,慶豐村,61,"震災,土石流,海嘯",鄭高富,8535375,是,否,是,True,POINT (307309.23721916764 2653199.540075787),Safe,1.029033528746609,48.0,Low,7.035014995416544,0.1006905036801157,7.803333333333334,1552.0,9,無淹水(SAR無資料),low
3025,花蓮縣花蓮市,國魂里,建國路161號,121.599,23.9836,國立花蓮農業職業學校,國華、國光、國治、國威、國安、國防、國聯、國盛、國風、國魂等里,382,"水災,土石流,海嘯",賴世榮,03-8312313,是,否,是,True,POINT (310951.6875278697 2653336.3842178937),Safe,0.871940376391464,14.010000228881836,Low,3.584003730513315,0.0983371189019105,5.141666666666667,489.0,9,無淹水(SAR無資料),low
3035,花蓮縣花蓮市,國安里,中山路418號,121.6025,23.9865,花蓮高商,國安、國聯、國魂等里,266,"水災,震災,土石流,海嘯",邱志恆,03-8322532210,是,否,否,True,POINT (311306.46848744916 2653659.080234984),Safe,0.8260531200913312,11.380000114440918,Low,3.584003730513315,0.0983371189019105,4.79,115.0,9,無淹水(SAR無資料),low
3036,花蓮縣吉安鄉,南華村,南華四街123號,121.5947,23.987,北昌活動中心,北昌村,83,"震災,土石流,海嘯",黃加成,8577346,是,否,是,True,POINT (310512.5383772141 2653711.0846506343),Safe,0.8086424204968958,17.110000610351562,Low,4.160189534738816,0.0969119011601991,5.128333333333333,446.0,9,無淹水(SAR無資料),low
3047,花蓮縣花蓮市,民勤里,新興路80號,121.6157,23.9887,南美崙營區,花蓮市各里,300,"水災,震災,土石流,海嘯",姜富川中校參謀官,03-8358100轉838413,是,否,否,True,POINT (312648.5843560841 2653908.538014152),Safe,7.675688241299463,102.5999984741211,Low,3.1421526320405797,0.1033664917396268,5.1033333333333335,563.0,9,無淹水(SAR無資料),low
3049,花蓮縣吉安鄉,永安村,太昌路488號,121.5731,23.989,永安活動中心,永安村,156,"震災,土石流,海嘯",郭仁添,8566167,是,否,是,True,POINT (308313.72140964656 2653923.479924126),Safe,1.1092712152279642,44.83000183105469,Low,5.804219065021883,0.0998494885650158,10.461666666666666,1072.0,9,無淹水(SAR無資料),low
3055,花蓮縣花蓮市,國盛里,國盛二街22號,121.607,23.992,中華國小,國華、國光、國威、國治、國魂、國安、國防、國聯、國盛、國風等里,189,"水災,土石流,海嘯",鍾吳南,03-8324308,是,否,是,True,POINT (311761.74687150307 2654270.176545021),Safe,2.4130542771336385,18.57999992370605,Low,3.1421526320405797,0.1033664917396268,4.976666666666667,782.0,9,無淹水(SAR無資料),low
3061,花蓮縣花蓮市,民政里,永興路20號,121.6255,23.9928,鑄強國小,民樂、民運、民政等里,293,"水災,震災,土石流,海嘯",葉克文,03-8223787,是,否,是,True,POINT (313643.7628773466 2654367.0104331924),Safe,1.6357631131998005,40.08000183105469,Low,2.6910846371687405,0.1135104413892503,6.1066666666666665,874.0,9,無淹水(SAR無資料),low
3064,花蓮縣吉安鄉,太昌村,太昌路488號,121.5639,23.9936,太昌活動中心,太昌村,80,"水災,震災,土石流",周明宗,8569236,是,否,是,True,POINT (307375.5493386602 2654429.156366843),Safe,1.3893317902541475,62.400001525878906,Low,6.895302701453547,0.1050368291340424,9.533333333333331,843.0,9,無淹水(SAR無資料),low
3069,花蓮縣花蓮市,國富里,中山路903號,121.5947,23.995,明廉國小,國裕、國富里,51,"水災,震災,土石流,海嘯",李玉祥,03-8569088,是,否,是,True,POINT (310508.79908894585 2654597.0929269507),Safe,0.9939042604294804,21.459999084472656,Low,4.069389020051451,0.0974695452108884,5.128333333333333,1413.0,9,無淹水(SAR無資料),low
3074,花蓮縣花蓮市,國興里,介仁街176號,121.5746,23.997,"慈濟大學附設國民中學,小學",國興、國福、國慶等里,344,"水災,震災,土石流,海嘯",蔡亮雄,03-8572823,是,否,是,True,POINT (308462.7387663413 2654810.1078152047),Safe,1.5032429542050447,47.52999877929688,Low,5.755163484691556,0.1016067381429105,10.675,835.0,9,無淹水(SAR無資料),low
3075,花蓮縣花蓮市,民孝里,化道路40巷1號,121.6277,23.9978,美崙國中,民孝、民心、民享、民樂、民運、民政、民德、民立、民勤、民意等里,193,"水災,震災,土石流",吳斯美,03-8223537,是,否,否,True,POINT (313865.1486941149 2654921.7637005234),Safe,2.4847434964022765,30.959999084472656,Low,2.455753483941804,0.1296494471483149,6.131666666666667,763.0,9,無淹水(SAR無資料),low
3076,花蓮縣花蓮市,國裕里,裕祥路89號,121.5991,23.9979,自強國中,國裕、國富里,330,"水災,震災,土石流,海嘯",鄭程議,03-8579338,是,否,是,True,POINT (310955.1299802924 2654920.168062265),Safe,0.8616368802490849,16.079999923706055,Low,3.4791371349374973,0.0986244731437004,5.048333333333333,1067.0,9,無淹水(SAR無資料),low
3079,花蓮縣花蓮市,民意里,府前路27號,121.6199,23.9987,花蓮高工,民意、民孝、民心、民享、民樂、民運、民政、民德、民立、民勤等里,310,"水災,震災,土石流,海嘯",周婉茹,03-8226108,是,否,否,True,POINT (313071.08040576056 2655017.925778016),Safe,2.065251744472722,35.58000183105469,Low,2.6910846371687405,0.1135104413892503,5.931666666666667,608.0,9,無淹水(SAR無資料),low
3080,花蓮縣花蓮市,國興里,介仁街67號,121.5734,23.9997,慈濟大學人文社會學院,國興、國福、國慶等里,316,"水災,震災,土石流,海嘯",林憲國,03-8572677,是,否,是,True,POINT (308339.4247327425 2655108.6376538435),Low,1.7774035967106436,49.68999862670898,Low,5.755163484691556,0.1016067381429105,10.675,835.0,9,無淹水(SAR無資料),low
3085,花蓮縣花蓮市,國慶里,中山路1段200號,121.5916,24.0004,私立四維高級中學,國興、國福、國慶等里,500,"水災,震災,土石流,海嘯",許素卿,03-8561455,是,否,否,True,POINT (310190.8650312955 2655193.8208642458),Safe,1.0901186428874612,24.32999992370605,Low,4.069389020051451,0.0974695452108884,6.051666666666667,228.0,9,無淹水(SAR無資料),low
3093,花蓮縣花蓮市,民意里,府前路29號,121.6182,24.0017,行政院國軍退除役官兵輔導委員會花,花蓮縣,10,"水災,震災,土石流,海嘯",陳國榮,03-8223111,是,否,否,True,POINT (312896.65296617476 2655349.4201309555),Safe,2.866045047064377,31.280000686645508,Low,2.653726726509591,0.1142214969109199,5.931666666666667,608.0,9,無淹水(SAR無資料),low
3094,花蓮縣花蓮市,民孝里,林園一街16號,121.631,24.0022,民孝社區活動中心,民孝、民享、民心等里,54,"水災,震災,土石流",黃石貴,03-8223273,是,否,是,True,POINT (314198.7323954558 2655410.5710758627),Safe,2.235339763777803,31.989999771118164,Low,2.408279505713633,0.1305602721280258,6.096666666666667,763.0,9,無淹水(SAR無資料),low
3095,花蓮縣新城鄉,嘉新村,嘉南路2巷13號,121.6142,24.0035,衛生福利部東區老人之家養護院區,嘉新村,180,"水災,震災,土石流,海嘯",范家榮,03-8222831,是,否,是,True,POINT (312488.8067275179 2655546.992330692),Safe,1.8573255297427655,15.619999885559082,Low,3.0016858675883693,0.1041803040235448,4.798333333333333,282.0,9,無淹水(SAR無資料),low
3096,花蓮縣秀林鄉,水源村,107號,121.554,24.0038,水源收容所,水源村,60,"水災,土石流",胡智偉,03-8567603,是,否,是,True,POINT (306363.7827762924 2655554.81650716),Medium,6.016598114587125,131.02999877929688,Low,8.396553979007649,0.1144679962986037,8.001666666666667,166.0,9,無淹水(SAR無資料),low
3097,花蓮縣花蓮市,民意里,民光483-1號,121.6168,24.0039,大陳二村活動中心,民意里,63,"水災,土石流,海嘯",何芳玲,03-8241064,是,否,是,True,POINT (312753.14400525636 2655592.4489772734),Safe,2.388852827660722,26.84000015258789,Low,3.0016858675883693,0.1041803040235448,5.08,608.0,9,無淹水(SAR無資料),low
3098,花蓮縣花蓮市,國慶里,達固湖灣大路23號,121.582,24.004,花蓮縣立體育場,花蓮市各里,527,"水災,土石流",林維聖,03-858068615,是,否,否,False,POINT (309212.46670970967 2655588.45556154),Low,3.0047229902659867,40.18000030517578,Low,4.855974653341569,0.100589996383998,9.343333333333334,228.0,9,無淹水(SAR無資料),low
3100,花蓮縣新城鄉,嘉新村,6鄰嘉南一街43巷5號,121.6123,24.0055,嘉新社區活動中心,嘉新村,71,"水災,震災,土石流,海嘯",邱明雄,8221227,是,否,是,True,POINT (312294.53245318634 2655767.6535595874),Safe,2.34153670033764,15.8100004196167,Low,3.0016858675883693,0.1041803040235448,4.703333333333333,282.0,9,無淹水(SAR無資料),low
3113,花蓮縣花蓮市,國慶里,中山路1段500巷15號,121.5872,24.0076,花蓮港天宮,花蓮市各里,300,"水災,震災,土石流,海嘯",蘇正凱總幹事,03-8560017,是,否,是,True,POINT (309739.86280459404 2655989.355705701),Low,1.6772913831554324,27.25,Low,4.855974653341569,0.100589996383998,8.206666666666667,228.0,9,無淹水(SAR無資料),low
3119,花蓮縣花蓮市,國福里,沙基拉雅街111號,121.5819,24.0104,國福社區活動中心,國福里,35,"水災,震災,海嘯",呂啟明,03-8580837,是,否,是,True,POINT (309199.363609438 2656297.220528631),Medium,1.3784960250639384,30.540000915527344,Low,4.855974653341569,0.100589996383998,9.283333333333331,345.0,9,無淹水(SAR無資料),low
3136,花蓮縣新城鄉,佳林村,民有2街29號,121.6023,24.0211,佳林社區活動中心,佳林村,36,"水災,土石流,海嘯",何禮飛,8260919,是,否,是,True,POINT (311269.7299099078 2657490.9889473636),Safe,1.8119412630857048,21.209999084472656,Low,3.7702466828126058,0.1022679124194549,4.176666666666667,205.0,9,無淹水(SAR無資料),low
3141,花蓮縣新城鄉,嘉里村,嘉里路163號,121.6074,24.0244,國軍805醫院,嘉里村,100,"水災,震災,土石流,海嘯",高志雄,03-8263151,是,否,是,True,POINT (311786.9695270947 2657858.699035559),Safe,1.2711989770531398,21.549999237060547,Low,3.2464581465474573,0.1066137655421118,4.61,656.0,9,無淹水(SAR無資料),low
3149,花蓮縣新城鄉,大漢村,明潭街27號,121.6298,24.0271,七星潭社區活動中心,大漢村,27,"水災,土石流",李添富,8265717,是,否,是,True,POINT (314064.30253825954 2658167.7459540586),Safe,4.189363810000637,41.70000076293945,Low,2.5721439288880275,0.133539173536191,5.803333333333334,510.0,9,無淹水(SAR無資料),low
3150,花蓮縣新城鄉,北埔村,北埔路13號,121.6062,24.0275,基督教芥菜種會,北埔村,41,"水災,震災,土石流,海嘯",吳雅琴,03-8260653,是,否,是,True,POINT (311663.4190006372 2658201.5029177503),Safe,1.2928013904401296,21.26000022888184,Low,3.7702466828126058,0.1022679124194549,4.61,653.0,9,無淹水(SAR無資料),low
3166,花蓮縣新城鄉,北埔村,北埔路259號,121.6032,24.0341,北埔社區活動中心,北埔村,35,"水災,震災,土石流,海嘯",王秋香,8269669,是,否,是,True,POINT (311355.11374550214 2658931.152791504),Safe,1.3960482165677637,22.88999938964844,Low,4.09911146585372,0.1043779042821026,4.176666666666667,653.0,9,無淹水(SAR無資料),low
3173,花蓮縣新城鄉,大漢村,19鄰民有街101號,121.61,24.0368,大漢社區活動中心,大漢村,70,"水災,震災,土石流,海嘯",李添富,8265717,是,否,是,True,POINT (312045.5035412679 2659233.165491667),Safe,0.7335110436736043,20.239999771118164,Low,3.5317838025930657,0.1083046707824847,4.336666666666667,510.0,9,無淹水(SAR無資料),low
3175,花蓮縣新城鄉,大漢村,民有街2號,121.6119,24.038,復興南營區,新城村、順安村、康樂村、大漢村、北埔村,120,"水災,震災,土石流,海嘯",陳尚庭上尉,03-8269732,是,否,是,True,POINT (312238.1867924171 2659366.907240895),Safe,0.6216482592651551,20.239999771118164,Low,3.940339010615228,0.1101968620109669,4.336666666666667,510.0,9,無淹水(SAR無資料),low
3181,花蓮縣新城鄉,大漢村,光復路572號,121.6042,24.0399,新城鄉立圖書館,北埔村、大漢村,58,"水災,震災,土石流,海嘯",黃志明,03-8261790,是,否,是,True,POINT (311454.0730368818 2659573.949878842),Safe,1.029721836905882,22.959999084472656,Low,4.564235010480986,0.1068252068317565,4.65,510.0,9,無淹水(SAR無資料),low
3182,花蓮縣新城鄉,大漢村,大安街1號,121.6048,24.0405,新城鄉原住民文化館,北埔村、康樂村,90,"水災,震災,土石流,海嘯",陳薇,03-8267223,是,否,是,True,POINT (311514.8156836415 2659640.66331345),Safe,1.0306306035582316,22.549999237060547,Low,4.564235010480986,0.1068252068317565,5.943333333333333,510.0,9,無淹水(SAR無資料),low
3183,花蓮縣新城鄉,北埔村,樹林街57巷9號,121.597687,24.040698,樹林腳社區活動中心,北埔村,39,"水災,震災,土石流,海嘯",王秋香,8269669,是,否,是,True,POINT (310791.23435285996 2659659.4991839705),Safe,1.875787575311864,28.43000030517578,Low,4.564235010480986,0.1068252068317565,4.841666666666667,653.0,9,無淹水(SAR無資料),low
3205,花蓮縣新城鄉,康樂村,廣安1街112號,121.609904,24.053809,康樂社區活動中心,康樂村,30,"水災,震災,土石流,海嘯",賴明進,03-8260352,是,否,是,True,POINT (312027.56785870856 2661116.904230814),Low,0.93899164296081,21.13999938964844,Low,4.485687796386504,0.1121422337508842,5.691666666666666,540.0,9,無淹水(SAR無資料),low
3206,花蓮縣秀林鄉,佳民村,119號,121.5994,24.0539,佳民國小收容所,佳民村,60,"水災,震災,土石流,海嘯",總務主任黃寶賢,03-8264900,是,否,是,True,POINT (310959.2359456849 2661122.387338185),High,1.5635132966908538,35.77000045776367,Low,5.180923023964282,0.1094438478751639,5.333333333333333,192.0,9,無淹水(SAR無資料),low
3258,花蓮縣秀林鄉,景美村,加灣106號,121.6067,24.0825,景美活動中心,景美村,100,"水災,震災,土石流,海嘯",呂愛美,03-8267603,是,否,是,True,POINT (311687.9884578237 2664293.088344283),Medium,7.057113779920224,91.13999938964844,Low,8.082408865959993,0.1156645234038205,11.426666666666666,284.0,9,無淹水(SAR無資料),low
3312,花蓮縣新城鄉,順安村,順安52-2號,121.621,24.1057,北三棧社區活動中心,順安村,35,"水災,震災,土石流,海嘯",黃仲祥,8611280,是,否,是,True,POINT (313130.65089320065 2666868.9118628916),Low,1.571409703945176,16.5,Low,9.866972142098763,0.1174063127040854,13.606666666666667,235.0,9,無淹水(SAR無資料),low
3355,花蓮縣新城鄉,順安村,草林158號,121.6365,24.1172,順安農宅示範中心,順安村,23,"水災,土石流,海嘯",黃仲祥,8611280,是,否,是,True,POINT (314700.63829061313 2668149.638023506),Low,1.6014894655468572,21.82999992370605,Low,10.068140950060664,0.1239996495292868,13.735,235.0,9,無淹水(SAR無資料),low
3357,花蓮縣秀林鄉,秀林村,秀林路76號,121.6244,24.118,秀林國小收容所,秀林村,100,"水災,震災,土石流,海嘯",總務主任林正雄,03-8611393,是,否,是,True,POINT (313470.2378958271 2668232.710234023),High,5.848615139337993,89.97000122070312,Low,11.249818500131068,0.1138154208158825,13.728333333333332,280.0,9,無淹水(SAR無資料),low
3378,花蓮縣新城鄉,新城村,仁愛路2巷172號,121.6497,24.1257,禪光育幼院,新城村,105,"水災,震災,土石流,海嘯",許淑媛,03-8612555,是,否,是,True,POINT (316038.10228614765 2669097.1984990323),Safe,1.3023853960740062,21.670000076293945,Low,9.194469871898852,0.1550168763302262,12.74,366.0,9,無淹水(SAR無資料),low
3387,花蓮縣新城鄉,新城村,博愛路31號,121.6513,24.1266,天主教聲遠之家,新城村,53,"水災,震災,土石流,海嘯",黃佩瑩,03-8610075,是,否,是,True,POINT (316200.2742041601 2669197.63164174),Safe,1.5179238199498606,21.239999771118164,Low,9.194469871898852,0.1550168763302262,12.74,366.0,9,無淹水(SAR無資料),low
3392,花蓮縣新城鄉,新城村,博愛路66號,121.6502,24.1288,新城社區活動中心,新城村,23,"水災,震災,土石流,海嘯",胡國雄,8611519,是,否,是,True,POINT (316087.3330351135 2669440.7708342853),Safe,2.0438082053227005,24.43000030517578,Low,10.025178548915486,0.1459762334025991,12.74,366.0,9,無淹水(SAR無資料),low
3393,花蓮縣新城鄉,新城村,新興1街62號,121.6452,24.1301,興田社區活動中心,新城村,45,"水災,震災,土石流,海嘯",胡國雄,8611519,是,否,是,True,POINT (315578.4480176525 2669582.4019997),Safe,2.005588488893957,31.780000686645508,Low,11.130723737481382,0.1271542291706674,12.731666666666667,366.0,9,無淹水(SAR無資料),low
3437,花蓮縣秀林鄉,富世村,97號,121.6277,24.1473,富世活動中心,富世村,100,"水災,震災,土石流,海嘯",伊虹‧比岱,03-8611829,是,否,是,True,POINT (313791.1560260063 2671479.2861130643),High,12.066073611445525,172.72000122070312,Low,14.217702054770545,0.1075740921402008,13.541666666666666,311.0,9,無淹水(SAR無資料),low
3482,花蓮縣秀林鄉,崇德村,72號,121.6524,24.162,崇德國小收容所,崇德,100,"水災,震災,土石流,海嘯",陳月華,03-8621201,是,否,是,True,POINT (316293.82362619386 2673118.8447282296),High,6.684880375823193,97.33999633789062,Low,11.522670779840071,0.1244748443233154,13.82,224.0,9,無淹水(SAR無資料),low
3789,花蓮縣秀林鄉,和平村,三鄰108號,121.7483,24.3083,和平活動中心,和平村和仁,100,"水災,震災,土石流,海嘯",蔡金郎,03-8681113,是,否,是,True,POINT (325952.2048330734 2689371.3336635334),Safe,2.0803155596676577,32.20000076293945,Low,2.6599599710547315,0.1312095609068077,2.905,247.0,9,無淹水(SAR無資料),low
