COUNTY_ID,COUNTY,TOWN_ID,TOWN,V_ID,VILLAGE,A0A14_CNT,A0A14_M_CNT,A0A14_F_CNT,A15A64_CNT,A15A64_M_CNT,A15A64_F_CNT,A65UP_CNT,A65UP_M_CNT,A65UP_F_CNT,INFO_TIME
縣市代碼,縣市名稱,鄉鎮市區代碼,鄉鎮市區名稱,村里代碼,村里名稱,0-14歲人口數,0-14歲男性人口數,0-14歲女性人口數,15-64歲人口數,15-64歲男性人口數,15-64歲女性人口數,65歲以上人口數,65歲以上男性人口數,65歲以上女性人口數,資料時間
"10015","花蓮縣","10015010","花蓮市","10015010-001","民立里",212,113,99,1007,461,546,585,332,253,"114Y12M"
"10015","花蓮縣","10015010","花蓮市","10015010-002","民運里",149,81,68,1482,731,751,527,222,305,"114Y12M"
"10015","花蓮縣","10015010","花蓮市","10015010-003","民族里",111,54,57,277,129,148,102,46,56,"114Y12M"
"10015","花蓮縣","10015010","花蓮市","10015010-004","主信里",140,67,73,490,221,269,152,61,91,"114Y12M"
"10015","花蓮縣","10015010","花蓮市","10015010-005","主睦里",87,42,45,413,186,227,130,57,73,"114Y12M"
"10015","花蓮縣","10015010","花蓮市","10015010-006","主和里",482,230,252,2033,1015,1018,744,303,441,"114Y12M"
"10015","花蓮縣","10015010","花蓮市","10015010-007","國威里",380,191,189,1416,759,657,486,239,247,"114Y12M"
"10015","花蓮縣","10015010","花蓮市","10015010-008","國風里",777,416,361,2262,1025,1237,816,347,469,"114Y12M"
"10015","花蓮縣","10015010","花蓮市","10015010-009","民德里",305,144,161,1118,526,592,365,150,215,"114Y12M"
"10015","花蓮縣","10015010","花蓮市","10015010-010","民意里",128,62,66,1388,707,681,608,322,286,"114Y12M"
"10015","花蓮縣","10015010","花蓮市","10015010-012","主義里",57,31,26,301,155,146,131,70,61,"114Y12M"
"10015","花蓮縣","10015010","花蓮市","10015010-013","主工里",118,61,57,372,176,196,118,52,66,"114Y12M"
"10015","花蓮縣","10015010","花蓮市","10015010-014","主農里",695,366,329,2655,1266,1389,784,333,451,"114Y12M"
"10015","花蓮縣","10015010","花蓮市","10015010-015","國治里",195,99,96,596,283,313,196,88,108,"114Y12M"
"10015","花蓮縣","10015010","花蓮市","10015010-016","國富里",456,243,213,3528,1696,1832,1413,623,790,"114Y12M"
"10015","花蓮縣","10015010","花蓮市","10015010-017","民政里",424,213,211,2875,1295,1580,874,361,513,"114Y12M"
"10015","花蓮縣","10015010","花蓮市","10015010-018","民勤里",846,453,393,2383,1111,1272,563,226,337,"114Y12M"
"10015","花蓮縣","10015010","花蓮市","10015010-019","民生里",203,105,98,673,295,378,266,118,148,"114Y12M"
"10015","花蓮縣","10015010","花蓮市","10015010-020","主商里",136,76,60,348,164,184,136,65,71,"114Y12M"
"10015","花蓮縣","10015010","花蓮市","10015010-021","主學里",360,193,167,1362,660,702,433,194,239,"114Y12M"
"10015","花蓮縣","10015010","花蓮市","10015010-022","國光里",176,102,74,859,444,415,294,127,167,"114Y12M"
"10015","花蓮縣","10015010","花蓮市","10015010-023","國聯里",234,131,103,2186,1037,1149,680,304,376,"114Y12M"
"10015","花蓮縣","10015010","花蓮市","10015010-024","國強里",211,116,95,1622,786,836,367,167,200,"114Y12M"
"10015","花蓮縣","10015010","花蓮市","10015010-025","民心里",64,33,31,766,410,356,226,103,123,"114Y12M"
"10015","花蓮縣","10015010","花蓮市","10015010-026","民樂里",60,31,29,508,237,271,140,54,86,"114Y12M"
"10015","花蓮縣","10015010","花蓮市","10015010-027","民主里",140,80,60,463,223,240,128,54,74,"114Y12M"
"10015","花蓮縣","10015010","花蓮市","10015010-028","主勤里",142,76,66,487,223,264,224,99,125,"114Y12M"
"10015","花蓮縣","10015010","花蓮市","10015010-029","主力里",426,227,199,1837,895,942,658,278,380,"114Y12M"
"10015","花蓮縣","10015010","花蓮市","10015010-030","國安里",78,44,34,364,175,189,115,50,65,"114Y12M"
"10015","花蓮縣","10015010","花蓮市","10015010-031","國魂里",354,191,163,1349,613,736,489,209,280,"114Y12M"
"10015","花蓮縣","10015010","花蓮市","10015010-032","國慶里",120,59,61,862,457,405,228,101,127,"114Y12M"
"10015","花蓮縣","10015010","花蓮市","10015010-033","民享里",276,141,135,2644,1268,1376,614,265,349,"114Y12M"
"10015","花蓮縣","10015010","花蓮市","10015010-034","民有里",122,53,69,392,208,184,123,54,69,"114Y12M"
"10015","花蓮縣","10015010","花蓮市","10015010-035","民權里",86,45,41,275,137,138,95,40,55,"114Y12M"
"10015","花蓮縣","10015010","花蓮市","10015010-036","主計里",102,46,56,620,315,305,190,79,111,"114Y12M"
"10015","花蓮縣","10015010","花蓮市","10015010-037","主權里",857,460,397,4091,1897,2194,1202,493,709,"114Y12M"
"10015","花蓮縣","10015010","花蓮市","10015010-038","國華里",494,242,252,1492,712,780,542,248,294,"114Y12M"
"10015","花蓮縣","10015010","花蓮市","10015010-039","國防里",151,80,71,643,321,322,171,77,94,"114Y12M"
"10015","花蓮縣","10015010","花蓮市","10015010-040","國福里",147,76,71,1105,574,531,345,158,187,"114Y12M"
"10015","花蓮縣","10015010","花蓮市","10015010-041","國裕里",491,258,233,3327,1552,1775,1067,482,585,"114Y12M"
"10015","花蓮縣","10015010","花蓮市","10015010-042","主安里",522,299,223,1779,828,951,606,249,357,"114Y12M"
"10015","花蓮縣","10015010","花蓮市","10015010-043","國盛里",348,193,155,3046,1383,1663,782,353,429,"114Y12M"
"10015","花蓮縣","10015010","花蓮市","10015010-044","國興里",349,193,156,3691,1818,1873,835,347,488,"114Y12M"
"10015","花蓮縣","10015010","花蓮市","10015010-045","民孝里",345,172,173,2604,1319,1285,763,313,450,"114Y12M"
"10015","花蓮縣","10015020","鳳林鎮","10015020-001","鳳仁里",119,60,59,826,438,388,358,164,194,"114Y12M"
"10015","花蓮縣","10015020","鳳林鎮","10015020-002","鳳義里",48,27,21,364,195,169,221,110,111,"114Y12M"
"10015","花蓮縣","10015020","鳳林鎮","10015020-003","鳳禮里",48,26,22,338,175,163,191,92,99,"114Y12M"
"10015","花蓮縣","10015020","鳳林鎮","10015020-004","鳳智里",151,80,71,700,358,342,328,138,190,"114Y12M"
"10015","花蓮縣","10015020","鳳林鎮","10015020-005","鳳信里",160,74,86,963,527,436,371,176,195,"114Y12M"
"10015","花蓮縣","10015020","鳳林鎮","10015020-006","山興里",51,30,21,343,187,156,170,80,90,"114Y12M"
"10015","花蓮縣","10015020","鳳林鎮","10015020-007","大榮里",125,68,57,870,480,390,374,186,188,"114Y12M"
"10015","花蓮縣","10015020","鳳林鎮","10015020-008","北林里",65,34,31,342,184,158,185,97,88,"114Y12M"
"10015","花蓮縣","10015020","鳳林鎮","10015020-009","南平里",32,20,12,296,162,134,203,105,98,"114Y12M"
"10015","花蓮縣","10015020","鳳林鎮","10015020-010","林榮里",89,47,42,493,272,221,259,118,141,"114Y12M"
"10015","花蓮縣","10015020","鳳林鎮","10015020-011","長橋里",82,33,49,587,338,249,312,143,169,"114Y12M"
"10015","花蓮縣","10015020","鳳林鎮","10015020-012","森榮里",7,4,3,39,21,18,26,10,16,"114Y12M"
"10015","花蓮縣","10015030","玉里鎮","10015030-001","中城里",706,367,339,3982,2008,1974,1273,537,736,"114Y12M"
"10015","花蓮縣","10015030","玉里鎮","10015030-002","啟模里",160,81,79,1134,585,549,345,154,191,"114Y12M"
"10015","花蓮縣","10015030","玉里鎮","10015030-003","永昌里",106,62,44,813,444,369,371,174,197,"114Y12M"
"10015","花蓮縣","10015030","玉里鎮","10015030-004","泰昌里",95,50,45,675,347,328,443,230,213,"114Y12M"
"10015","花蓮縣","10015030","玉里鎮","10015030-005","國武里",101,53,48,743,367,376,345,157,188,"114Y12M"
"10015","花蓮縣","10015030","玉里鎮","10015030-006","源城里",70,27,43,859,489,370,292,158,134,"114Y12M"
"10015","花蓮縣","10015030","玉里鎮","10015030-007","長良里",65,31,34,422,251,171,138,67,71,"114Y12M"
"10015","花蓮縣","10015030","玉里鎮","10015030-008","樂合里",35,19,16,627,378,249,301,154,147,"114Y12M"
"10015","花蓮縣","10015030","玉里鎮","10015030-009","東豐里",33,17,16,347,205,142,142,70,72,"114Y12M"
"10015","花蓮縣","10015030","玉里鎮","10015030-010","觀音里",101,49,52,1061,592,469,423,210,213,"114Y12M"
"10015","花蓮縣","10015030","玉里鎮","10015030-011","松浦里",95,58,37,1014,600,414,342,167,175,"114Y12M"
"10015","花蓮縣","10015030","玉里鎮","10015030-012","春日里",65,42,23,597,340,257,215,104,111,"114Y12M"
"10015","花蓮縣","10015030","玉里鎮","10015030-013","德武里",63,32,31,502,306,196,210,90,120,"114Y12M"
"10015","花蓮縣","10015030","玉里鎮","10015030-014","三民里",60,31,29,560,336,224,241,121,120,"114Y12M"
"10015","花蓮縣","10015030","玉里鎮","10015030-015","大禹里",93,49,44,741,404,337,271,124,147,"114Y12M"
"10015","花蓮縣","10015040","新城鄉","10015040-001","新城村",84,45,39,807,434,373,366,165,201,"114Y12M"
"10015","花蓮縣","10015040","新城鄉","10015040-002","順安村",78,43,35,632,364,268,235,122,113,"114Y12M"
"10015","花蓮縣","10015040","新城鄉","10015040-003","康樂村",212,117,95,1872,937,935,540,214,326,"114Y12M"
"10015","花蓮縣","10015040","新城鄉","10015040-004","北埔村",363,179,184,2671,1395,1276,653,299,354,"114Y12M"
"10015","花蓮縣","10015040","新城鄉","10015040-005","佳林村",91,47,44,755,409,346,205,100,105,"114Y12M"
"10015","花蓮縣","10015040","新城鄉","10015040-006","嘉里村",538,264,274,3241,1651,1590,656,266,390,"114Y12M"
"10015","花蓮縣","10015040","新城鄉","10015040-007","嘉新村",167,100,67,1046,521,525,282,109,173,"114Y12M"
"10015","花蓮縣","10015040","新城鄉","10015040-008","大漢村",310,177,133,2026,1069,957,510,204,306,"114Y12M"
"10015","花蓮縣","10015040","新城鄉","10015040-009","新秀村",267,124,143,1619,810,809,266,112,154,"114Y12M"
"10015","花蓮縣","10015050","吉安鄉","10015050-001","北昌村",1179,607,572,4306,2006,2300,1532,642,890,"114Y12M"
"10015","花蓮縣","10015050","吉安鄉","10015050-002","勝安村",690,377,313,4037,1993,2044,1201,511,690,"114Y12M"
"10015","花蓮縣","10015050","吉安鄉","10015050-003","太昌村",293,156,137,2879,1515,1364,843,395,448,"114Y12M"
"10015","花蓮縣","10015050","吉安鄉","10015050-004","永安村",259,142,117,3223,1631,1592,1072,466,606,"114Y12M"
"10015","花蓮縣","10015050","吉安鄉","10015050-005","慶豐村",568,294,274,5733,2943,2790,1552,685,867,"114Y12M"
"10015","花蓮縣","10015050","吉安鄉","10015050-006","吉安村",470,247,223,4353,2263,2090,1236,564,672,"114Y12M"
"10015","花蓮縣","10015050","吉安鄉","10015050-007","福興村",292,155,137,2503,1283,1220,614,263,351,"114Y12M"
"10015","花蓮縣","10015050","吉安鄉","10015050-008","南華村",78,38,40,1141,615,526,446,217,229,"114Y12M"
"10015","花蓮縣","10015050","吉安鄉","10015050-009","干城村",80,43,37,1013,578,435,308,161,147,"114Y12M"
"10015","花蓮縣","10015050","吉安鄉","10015050-010","永興村",304,155,149,2387,1236,1151,700,312,388,"114Y12M"
"10015","花蓮縣","10015050","吉安鄉","10015050-011","稻香村",347,189,158,2513,1281,1232,753,365,388,"114Y12M"
"10015","花蓮縣","10015050","吉安鄉","10015050-012","南昌村",626,328,298,3429,1713,1716,876,364,512,"114Y12M"
"10015","花蓮縣","10015050","吉安鄉","10015050-013","宜昌村",506,262,244,3129,1546,1583,994,424,570,"114Y12M"
"10015","花蓮縣","10015050","吉安鄉","10015050-014","仁里村",574,301,273,4556,2284,2272,1555,649,906,"114Y12M"
"10015","花蓮縣","10015050","吉安鄉","10015050-015","東昌村",412,206,206,4540,2319,2221,1285,566,719,"114Y12M"
"10015","花蓮縣","10015050","吉安鄉","10015050-016","仁安村",149,85,64,1901,1009,892,515,228,287,"114Y12M"
"10015","花蓮縣","10015050","吉安鄉","10015050-017","仁和村",379,195,184,3596,1871,1725,1022,463,559,"114Y12M"
"10015","花蓮縣","10015050","吉安鄉","10015050-018","光華村",143,66,77,1704,883,821,425,200,225,"114Y12M"
"10015","花蓮縣","10015050","吉安鄉","10015050-019","吉昌村",328,175,153,1129,509,620,326,155,171,"114Y12M"
"10015","花蓮縣","10015060","壽豐鄉","10015060-001","樹湖村",20,11,9,221,119,102,103,63,40,"114Y12M"
"10015","花蓮縣","10015060","壽豐鄉","10015060-002","溪口村",73,35,38,675,342,333,302,138,164,"114Y12M"
"10015","花蓮縣","10015060","壽豐鄉","10015060-003","豐山村",197,110,87,1316,720,596,493,241,252,"114Y12M"
"10015","花蓮縣","10015060","壽豐鄉","10015060-004","豐裡村",101,58,43,944,527,417,330,158,172,"114Y12M"
"10015","花蓮縣","10015060","壽豐鄉","10015060-005","豐坪村",80,38,42,613,337,276,254,123,131,"114Y12M"
"10015","花蓮縣","10015060","壽豐鄉","10015060-006","共和村",68,36,32,534,277,257,224,116,108,"114Y12M"
"10015","花蓮縣","10015060","壽豐鄉","10015060-007","壽豐村",138,74,64,1153,622,531,427,209,218,"114Y12M"
"10015","花蓮縣","10015060","壽豐鄉","10015060-008","光榮村",103,54,49,565,311,254,230,112,118,"114Y12M"
"10015","花蓮縣","10015060","壽豐鄉","10015060-009","池南村",36,20,16,452,264,188,240,109,131,"114Y12M"
"10015","花蓮縣","10015060","壽豐鄉","10015060-010","平和村",112,60,52,1014,571,443,362,170,192,"114Y12M"
"10015","花蓮縣","10015060","壽豐鄉","10015060-011","志學村",235,116,119,2091,1073,1018,579,270,309,"114Y12M"
"10015","花蓮縣","10015060","壽豐鄉","10015060-012","米棧村",12,7,5,164,94,70,85,37,48,"114Y12M"
"10015","花蓮縣","10015060","壽豐鄉","10015060-013","月眉村",78,45,33,585,323,262,221,116,105,"114Y12M"
"10015","花蓮縣","10015060","壽豐鄉","10015060-014","水璉村",38,17,21,463,271,192,199,100,99,"114Y12M"
"10015","花蓮縣","10015060","壽豐鄉","10015060-015","鹽寮村",28,12,16,358,208,150,112,57,55,"114Y12M"
"10015","花蓮縣","10015070","光復鄉","10015070-001","大安村",68,29,39,577,286,291,260,126,134,"114Y12M"
"10015","花蓮縣","10015070","光復鄉","10015070-002","大華村",70,37,33,870,449,421,411,203,208,"114Y12M"
"10015","花蓮縣","10015070","光復鄉","10015070-003","大平村",60,32,28,658,362,296,268,110,158,"114Y12M"
"10015","花蓮縣","10015070","光復鄉","10015070-004","大馬村",91,47,44,716,392,324,281,133,148,"114Y12M"
"10015","花蓮縣","10015070","光復鄉","10015070-005","大同村",88,47,41,696,371,325,315,137,178,"114Y12M"
"10015","花蓮縣","10015070","光復鄉","10015070-006","大進村",30,14,16,252,142,110,147,65,82,"114Y12M"
"10015","花蓮縣","10015070","光復鄉","10015070-007","大全村",62,33,29,466,254,212,213,109,104,"114Y12M"
"10015","花蓮縣","10015070","光復鄉","10015070-008","大興村",51,24,27,321,186,135,116,60,56,"114Y12M"
"10015","花蓮縣","10015070","光復鄉","10015070-009","大富村",8,5,3,189,117,72,90,36,54,"114Y12M"
"10015","花蓮縣","10015070","光復鄉","10015070-010","大豐村",22,14,8,244,147,97,129,61,68,"114Y12M"
"10015","花蓮縣","10015070","光復鄉","10015070-011","東富村",69,40,29,680,395,285,266,125,141,"114Y12M"
"10015","花蓮縣","10015070","光復鄉","10015070-012","西富村",54,26,28,579,326,253,302,147,155,"114Y12M"
"10015","花蓮縣","10015070","光復鄉","10015070-013","南富村",43,23,20,525,277,248,266,131,135,"114Y12M"
"10015","花蓮縣","10015070","光復鄉","10015070-014","北富村",76,36,40,600,342,258,249,120,129,"114Y12M"
"10015","花蓮縣","10015080","豐濱鄉","10015080-001","豐濱村",125,74,51,1105,662,443,413,186,227,"114Y12M"
"10015","花蓮縣","10015080","豐濱鄉","10015080-002","新社村",44,22,22,413,240,173,153,76,77,"114Y12M"
"10015","花蓮縣","10015080","豐濱鄉","10015080-003","磯崎村",25,13,12,273,147,126,100,51,49,"114Y12M"
"10015","花蓮縣","10015080","豐濱鄉","10015080-004","港口村",59,35,24,497,285,212,226,107,119,"114Y12M"
"10015","花蓮縣","10015080","豐濱鄉","10015080-005","靜浦村",37,25,12,416,273,143,196,95,101,"114Y12M"
"10015","花蓮縣","10015090","瑞穗鄉","10015090-001","瑞穗村",156,74,82,1172,656,516,530,247,283,"114Y12M"
"10015","花蓮縣","10015090","瑞穗鄉","10015090-002","瑞美村",205,101,104,1308,688,620,565,258,307,"114Y12M"
"10015","花蓮縣","10015090","瑞穗鄉","10015090-003","瑞良村",27,11,16,341,186,155,172,88,84,"114Y12M"
"10015","花蓮縣","10015090","瑞穗鄉","10015090-004","瑞祥村",57,30,27,559,306,253,286,139,147,"114Y12M"
"10015","花蓮縣","10015090","瑞穗鄉","10015090-005","瑞北村",64,30,34,404,221,183,157,74,83,"114Y12M"
"10015","花蓮縣","10015090","瑞穗鄉","10015090-006","舞鶴村",58,25,33,618,336,282,272,139,133,"114Y12M"
"10015","花蓮縣","10015090","瑞穗鄉","10015090-007","鶴岡村",81,47,34,577,352,225,231,118,113,"114Y12M"
"10015","花蓮縣","10015090","瑞穗鄉","10015090-008","奇美村",21,9,12,232,139,93,71,34,37,"114Y12M"
"10015","花蓮縣","10015090","瑞穗鄉","10015090-009","富源村",57,36,21,469,279,190,225,110,115,"114Y12M"
"10015","花蓮縣","10015090","瑞穗鄉","10015090-010","富民村",61,26,35,581,325,256,248,119,129,"114Y12M"
"10015","花蓮縣","10015090","瑞穗鄉","10015090-011","富興村",32,14,18,354,212,142,197,106,91,"114Y12M"
"10015","花蓮縣","10015100","富里鄉","10015100-001","吳江村",29,16,13,296,176,120,123,61,62,"114Y12M"
"10015","花蓮縣","10015100","富里鄉","10015100-002","東里村",104,52,52,669,392,277,277,129,148,"114Y12M"
"10015","花蓮縣","10015100","富里鄉","10015100-003","萬寧村",61,31,30,407,222,185,191,105,86,"114Y12M"
"10015","花蓮縣","10015100","富里鄉","10015100-004","新興村",56,25,31,370,206,164,168,88,80,"114Y12M"
"10015","花蓮縣","10015100","富里鄉","10015100-005","竹田村",89,44,45,721,391,330,311,144,167,"114Y12M"
"10015","花蓮縣","10015100","富里鄉","10015100-006","羅山村",43,23,20,306,163,143,117,52,65,"114Y12M"
"10015","花蓮縣","10015100","富里鄉","10015100-007","石牌村",95,47,48,656,355,301,235,110,125,"114Y12M"
"10015","花蓮縣","10015100","富里鄉","10015100-008","明里村",31,15,16,261,157,104,105,52,53,"114Y12M"
"10015","花蓮縣","10015100","富里鄉","10015100-009","富里村",145,83,62,895,467,428,379,163,216,"114Y12M"
"10015","花蓮縣","10015100","富里鄉","10015100-010","永豐村",30,13,17,291,170,121,124,65,59,"114Y12M"
"10015","花蓮縣","10015100","富里鄉","10015100-011","豐南村",47,32,15,429,229,200,177,90,87,"114Y12M"
"10015","花蓮縣","10015100","富里鄉","10015100-012","富南村",42,22,20,292,160,132,148,73,75,"114Y12M"
"10015","花蓮縣","10015100","富里鄉","10015100-013","學田村",55,20,35,431,240,191,180,97,83,"114Y12M"
"10015","花蓮縣","10015110","秀林鄉","10015110-001","崇德村",284,162,122,1312,678,634,224,96,128,"114Y12M"
"10015","花蓮縣","10015110","秀林鄉","10015110-002","富世村",383,201,182,1773,908,865,311,138,173,"114Y12M"
"10015","花蓮縣","10015110","秀林鄉","10015110-003","秀林村",368,186,182,1749,854,895,280,124,156,"114Y12M"
"10015","花蓮縣","10015110","秀林鄉","10015110-004","水源村",308,163,145,1170,615,555,166,69,97,"114Y12M"
"10015","花蓮縣","10015110","秀林鄉","10015110-005","銅門村",213,112,101,1095,573,522,203,94,109,"114Y12M"
"10015","花蓮縣","10015110","秀林鄉","10015110-006","文蘭村",225,120,105,1066,554,512,170,79,91,"114Y12M"
"10015","花蓮縣","10015110","秀林鄉","10015110-007","景美村",373,204,169,1720,871,849,284,135,149,"114Y12M"
"10015","花蓮縣","10015110","秀林鄉","10015110-008","佳民村",181,106,75,972,500,472,192,84,108,"114Y12M"
"10015","花蓮縣","10015110","秀林鄉","10015110-009","和平村",324,172,152,1585,812,773,247,112,135,"114Y12M"
"10015","花蓮縣","10015120","萬榮鄉","10015120-001","西林村",163,88,75,919,491,428,170,78,92,"114Y12M"
"10015","花蓮縣","10015120","萬榮鄉","10015120-002","見晴村",79,51,28,470,248,222,64,25,39,"114Y12M"
"10015","花蓮縣","10015120","萬榮鄉","10015120-003","萬榮村",132,67,65,697,369,328,130,62,68,"114Y12M"
"10015","花蓮縣","10015120","萬榮鄉","10015120-004","明利村",81,41,40,527,276,251,124,62,62,"114Y12M"
"10015","花蓮縣","10015120","萬榮鄉","10015120-005","馬遠村",183,80,103,959,516,443,147,72,75,"114Y12M"
"10015","花蓮縣","10015120","萬榮鄉","10015120-006","紅葉村",152,72,80,886,483,403,164,77,87,"114Y12M"
"10015","花蓮縣","10015130","卓溪鄉","10015130-001","崙山村",123,62,61,468,267,201,72,32,40,"114Y12M"
"10015","花蓮縣","10015130","卓溪鄉","10015130-002","立山村",146,79,67,796,452,344,155,64,91,"114Y12M"
"10015","花蓮縣","10015130","卓溪鄉","10015130-003","太平村",140,75,65,624,330,294,85,47,38,"114Y12M"
"10015","花蓮縣","10015130","卓溪鄉","10015130-004","卓溪村",134,62,72,626,344,282,137,63,74,"114Y12M"
"10015","花蓮縣","10015130","卓溪鄉","10015130-005","卓清村",209,105,104,883,504,379,152,74,78,"114Y12M"
"10015","花蓮縣","10015130","卓溪鄉","10015130-006","古風村",146,72,74,812,460,352,143,68,75,"114Y12M"
