NID,STID,MIN_10,Hour_1,Hour_3,Hour_6,Hour_12,Hour_24,RST_DATE,Elev,Stationnam,latitude,longtitude,altitude,geometry
46111493,01T220,0.0,1.0,1.0,2.0,2.0,2.0,2025-09-21 23:50:00,207.0,卓麓(4),23.295555,121.266945,207.0,POINT (121.266945 23.295555)
46290034,01T220,0.0,27.0,68.0,91.0,120.0,131.0,2025-09-22 23:50:00,207.0,卓麓(4),23.295555,121.266945,207.0,POINT (121.266945 23.295555)
46111494,01T230,0.0,2.0,2.0,4.0,9.0,9.0,2025-09-21 23:50:00,180.0,立山,23.430079,121.31263,180.0,POINT (121.31263 23.430079)
46290035,01T230,0.0,6.0,25.0,40.0,90.0,115.0,2025-09-22 23:50:00,180.0,立山,23.430079,121.31263,180.0,POINT (121.31263 23.430079)
46111495,01T240,0.0,1.0,1.0,4.0,9.0,9.0,2025-09-21 23:50:00,940.0,苗圃,23.417015,121.27937,940.0,POINT (121.27937 23.417015)
46290036,01T240,0.0,12.0,27.0,50.0,101.0,126.0,2025-09-22 23:50:00,940.0,苗圃,23.417015,121.27937,940.0,POINT (121.27937 23.417015)
46466864,01T220,0.0,15.0,41.0,84.0,196.0,360.0,2025-09-23 23:50:00,207.0,卓麓(4),23.295555,121.266945,207.0,POINT (121.266945 23.295555)
46111496,01T500,0.0,2.0,2.0,2.0,2.0,2.0,2025-09-21 23:50:00,20.0,北埔,24.037079,121.60446,20.0,POINT (121.60446 24.037079)
46290037,01T500,0.0,2.0,16.0,40.0,59.0,84.0,2025-09-22 23:50:00,20.0,北埔,24.037079,121.60446,20.0,POINT (121.60446 24.037079)
46111497,01T560,0.0,2.0,2.0,3.0,3.0,3.0,2025-09-21 23:50:00,200.0,西林,23.819214,121.43207,200.0,POINT (121.43207 23.819214)
46290038,01T560,0.0,0.0,13.0,43.0,64.0,85.0,2025-09-22 23:50:00,200.0,西林,23.819214,121.43207,200.0,POINT (121.43207 23.819214)
46466865,01T230,0.0,16.0,28.0,144.0,236.0,385.0,2025-09-23 23:50:00,180.0,立山,23.430079,121.31263,180.0,POINT (121.31263 23.430079)
46111499,01T720,0.0,1.0,1.0,1.0,1.0,1.0,2025-09-21 23:50:00,210.0,明里,23.202324,121.25167,210.0,POINT (121.25167 23.202324)
46290040,01T720,0.0,21.0,43.0,60.0,107.0,118.0,2025-09-22 23:50:00,210.0,明里,23.202324,121.25167,210.0,POINT (121.25167 23.202324)
46111500,01T730,0.0,1.0,1.0,1.0,1.0,1.0,2025-09-21 23:50:00,30.0,豐濱,23.602442,121.52049,30.0,POINT (121.52049 23.602442)
46290041,01T730,0.0,0.0,9.0,30.0,37.0,54.0,2025-09-22 23:50:00,30.0,豐濱,23.602442,121.52049,30.0,POINT (121.52049 23.602442)
46111501,01T9J0,0.0,2.0,2.0,2.0,3.0,3.0,2025-09-21 23:50:00,730.0,六十石山,23.217558,121.32297,730.0,POINT (121.32297 23.217558)
46290042,01T9J0,0.0,10.0,30.0,46.0,83.0,93.0,2025-09-22 23:50:00,730.0,六十石山,23.217558,121.32297,730.0,POINT (121.32297 23.217558)
46466867,01T500,0.0,5.0,28.0,45.0,108.0,233.0,2025-09-23 23:50:00,20.0,北埔,24.037079,121.60446,20.0,POINT (121.60446 24.037079)
46111502,01T9L0,0.0,1.0,1.0,1.0,1.0,1.0,2025-09-21 23:50:00,110.0,東富,23.684835,121.482086,110.0,POINT (121.482086 23.684835)
46290043,01T9L0,0.0,0.0,16.0,44.0,63.0,96.0,2025-09-22 23:50:00,110.0,東富,23.684835,121.482086,110.0,POINT (121.482086 23.684835)
46466870,01T720,0.0,26.0,66.0,135.0,232.0,497.0,2025-09-23 23:50:00,210.0,明里,23.202324,121.25167,210.0,POINT (121.25167 23.202324)
46466871,01T730,0.0,9.0,16.0,58.0,96.0,160.0,2025-09-23 23:50:00,30.0,豐濱,23.602442,121.52049,30.0,POINT (121.52049 23.602442)
46466866,01T240,0.0,28.0,49.0,168.0,261.0,423.0,2025-09-23 23:50:00,940.0,苗圃,23.417015,121.27937,940.0,POINT (121.27937 23.417015)
46466872,01T9J0,0.0,8.0,37.0,82.0,144.0,301.0,2025-09-23 23:50:00,730.0,六十石山,23.217558,121.32297,730.0,POINT (121.32297 23.217558)
46466873,01T9L0,0.0,5.0,33.0,79.0,156.0,238.0,2025-09-23 23:50:00,110.0,東富,23.684835,121.482086,110.0,POINT (121.482086 23.684835)
46466868,01T560,0.0,0.0,50.0,94.0,213.0,446.0,2025-09-23 23:50:00,200.0,西林,23.819214,121.43207,200.0,POINT (121.43207 23.819214)
46111661,81T760,-998.0,-998.0,-998.0,-998.0,0.0,0.0,2025-09-21 23:50:00,430.0,富南部落,23.133057,121.246666,430.0,POINT (121.246666 23.133057)
46290195,81T760,0.5,8.5,19.5,38.5,87.0,95.5,2025-09-22 23:50:00,430.0,富南部落,23.133057,121.246666,430.0,POINT (121.246666 23.133057)
46467025,81T760,0.5,12.5,56.0,116.5,191.5,355.5,2025-09-23 23:50:00,430.0,富南部落,23.133057,121.246666,430.0,POINT (121.246666 23.133057)
46111662,81T770,-998.0,-998.0,-998.0,-998.0,0.0,0.0,2025-09-21 23:50:00,230.0,大豐,23.607222,121.376114,230.0,POINT (121.376114 23.607222)
46290196,81T770,0.0,0.0,20.5,50.5,66.5,82.5,2025-09-22 23:50:00,230.0,大豐,23.607222,121.376114,230.0,POINT (121.376114 23.607222)
46467026,81T770,3.0,5.5,46.5,94.0,116.0,257.0,2025-09-23 23:50:00,230.0,大豐,23.607222,121.376114,230.0,POINT (121.376114 23.607222)
46111663,81T850,0.0,0.5,0.5,0.5,0.5,0.5,2025-09-21 23:50:00,116.0,溪口國小,23.819721,121.473335,116.0,POINT (121.473335 23.819721)
46290197,81T850,0.0,0.0,6.0,21.5,31.5,50.0,2025-09-22 23:50:00,116.0,溪口國小,23.819721,121.473335,116.0,POINT (121.473335 23.819721)
46467027,81T850,7.0,9.5,43.0,58.0,126.5,255.0,2025-09-23 23:50:00,116.0,溪口國小,23.819721,121.473335,116.0,POINT (121.473335 23.819721)
46111664,81T860,0.0,2.0,2.0,2.0,2.0,2.0,2025-09-21 23:50:00,98.0,山興分校,23.727777,121.4975,98.0,POINT (121.4975 23.727777)
46290198,81T860,0.0,0.0,5.0,25.5,40.0,86.5,2025-09-22 23:50:00,98.0,山興分校,23.727777,121.4975,98.0,POINT (121.4975 23.727777)
46111580,72T250,0.5,0.5,0.5,0.5,0.5,0.5,2025-09-21 23:50:00,36.0,花蓮農改,23.975222,121.56389,36.0,POINT (121.56389 23.975222)
46290114,72T250,0.5,2.0,10.0,33.5,74.0,123.5,2025-09-22 23:50:00,36.0,花蓮農改,23.975222,121.56389,36.0,POINT (121.56389 23.975222)
46467028,81T860,1.0,5.5,44.0,73.0,149.5,253.5,2025-09-23 23:50:00,98.0,山興分校,23.727777,121.4975,98.0,POINT (121.4975 23.727777)
46111665,81T870,0.0,2.5,2.5,2.5,2.5,2.5,2025-09-21 23:50:00,26.0,東興部落,23.635204,121.53089,26.0,POINT (121.53089 23.635204)
46290199,81T870,0.0,0.0,2.5,23.0,45.5,56.5,2025-09-22 23:50:00,26.0,東興部落,23.635204,121.53089,26.0,POINT (121.53089 23.635204)
46466944,72T250,5.0,13.5,77.0,92.5,178.0,295.0,2025-09-23 23:50:00,36.0,花蓮農改,23.975222,121.56389,36.0,POINT (121.56389 23.975222)
46467029,81T870,10.5,12.5,44.5,68.5,109.5,162.5,2025-09-23 23:50:00,26.0,東興部落,23.635204,121.53089,26.0,POINT (121.53089 23.635204)
46111666,81T880,1.0,4.0,5.0,5.0,7.5,7.5,2025-09-21 23:50:00,13.0,石梯坪,23.483055,121.51139,13.0,POINT (121.51139 23.483055)
46290200,81T880,0.0,0.0,22.0,35.5,49.5,61.0,2025-09-22 23:50:00,13.0,石梯坪,23.483055,121.51139,13.0,POINT (121.51139 23.483055)
46467030,81T880,0.5,7.5,25.0,45.5,47.5,100.0,2025-09-23 23:50:00,13.0,石梯坪,23.483055,121.51139,13.0,POINT (121.51139 23.483055)
46111667,81T890,0.0,2.5,2.5,4.5,5.0,5.0,2025-09-21 23:50:00,103.0,瑞北國小,23.525557,121.376114,103.0,POINT (121.376114 23.525557)
46290201,81T890,0.5,1.5,51.0,78.0,122.0,138.5,2025-09-22 23:50:00,103.0,瑞北國小,23.525557,121.376114,103.0,POINT (121.376114 23.525557)
46467031,81T890,4.5,13.5,59.0,148.5,207.5,343.0,2025-09-23 23:50:00,103.0,瑞北國小,23.525557,121.376114,103.0,POINT (121.376114 23.525557)
46111668,81T900,1.0,2.0,2.0,2.0,2.0,2.0,2025-09-21 23:50:00,179.0,卓溪國小,23.345833,121.30333,179.0,POINT (121.30333 23.345833)
46290202,81T900,0.0,16.0,33.0,83.5,102.0,128.0,2025-09-22 23:50:00,179.0,卓溪國小,23.345833,121.30333,179.0,POINT (121.30333 23.345833)
46467032,81T900,9.5,34.0,47.0,105.0,196.0,307.0,2025-09-23 23:50:00,179.0,卓溪國小,23.345833,121.30333,179.0,POINT (121.30333 23.345833)
46111541,466990,0.0,0.5,0.5,0.5,0.5,0.5,2025-09-21 23:50:00,16.1,花蓮,23.975128,121.61327,16.1,POINT (121.61327 23.975128)
46111669,81T910,0.5,2.0,2.0,2.0,2.5,2.5,2025-09-21 23:50:00,173.0,東里國中,23.263332,121.303055,173.0,POINT (121.303055 23.263332)
46290075,466990,0.5,1.5,8.5,24.5,65.0,108.5,2025-09-22 23:50:00,16.1,花蓮,23.975128,121.61327,16.1,POINT (121.61327 23.975128)
46290203,81T910,0.0,5.0,24.5,33.0,57.5,65.5,2025-09-22 23:50:00,173.0,東里國中,23.263332,121.303055,173.0,POINT (121.303055 23.263332)
46466906,466990,0.0,1.5,23.0,32.5,86.0,172.0,2025-09-23 23:50:00,16.1,花蓮,23.975128,121.61327,16.1,POINT (121.61327 23.975128)
46467033,81T910,0.0,20.5,32.0,76.0,160.0,279.5,2025-09-23 23:50:00,173.0,東里國中,23.263332,121.303055,173.0,POINT (121.303055 23.263332)
46111670,81T990,1.5,2.0,2.0,2.0,2.0,2.0,2025-09-21 23:50:00,20.0,高山部落,23.691944,121.549446,20.0,POINT (121.549446 23.691944)
46290204,81T990,0.0,0.0,5.0,15.5,25.0,50.0,2025-09-22 23:50:00,20.0,高山部落,23.691944,121.549446,20.0,POINT (121.549446 23.691944)
46467034,81T990,0.5,8.0,35.5,43.0,94.5,184.5,2025-09-23 23:50:00,20.0,高山部落,23.691944,121.549446,20.0,POINT (121.549446 23.691944)
46111671,81T9J0,1.0,1.0,1.0,1.0,1.0,1.0,2025-09-21 23:50:00,304.0,鳳義坑,23.740881,121.42608,304.0,POINT (121.42608 23.740881)
46290205,81T9J0,0.0,0.0,8.5,34.0,47.5,91.0,2025-09-22 23:50:00,304.0,鳳義坑,23.740881,121.42608,304.0,POINT (121.42608 23.740881)
46467035,81T9J0,0.0,3.5,60.0,93.5,166.5,299.0,2025-09-23 23:50:00,304.0,鳳義坑,23.740881,121.42608,304.0,POINT (121.42608 23.740881)
46111706,A0Z080,0.0,0.0,0.5,0.5,0.5,0.5,2025-09-21 23:50:00,3171.0,合歡山,24.144464,121.2764,3171.0,POINT (121.2764 24.144464)
46290240,A0Z080,0.5,1.0,6.0,10.0,14.5,15.0,2025-09-22 23:50:00,3171.0,合歡山,24.144464,121.2764,3171.0,POINT (121.2764 24.144464)
46467067,A0Z080,0.0,0.5,11.5,23.5,57.0,69.0,2025-09-23 23:50:00,3171.0,合歡山,24.144464,121.2764,3171.0,POINT (121.2764 24.144464)
46111697,88T830,0.0,5.0,11.5,11.5,12.5,12.5,2025-09-21 23:50:00,21.0,和中,24.270832,121.7418,21.0,POINT (121.7418 24.270832)
46290231,88T830,0.0,29.0,38.0,61.0,75.0,108.0,2025-09-22 23:50:00,21.0,和中,24.270832,121.7418,21.0,POINT (121.7418 24.270832)
46467058,88T830,0.0,0.5,1.0,14.0,39.5,182.5,2025-09-23 23:50:00,21.0,和中,24.270832,121.7418,21.0,POINT (121.7418 24.270832)
46111698,88T920,0.0,0.5,0.5,0.5,2.5,2.5,2025-09-21 23:50:00,128.0,大興,23.631945,121.39778,128.0,POINT (121.39778 23.631945)
46290232,88T920,0.0,0.0,11.5,41.0,64.0,94.5,2025-09-22 23:50:00,128.0,大興,23.631945,121.39778,128.0,POINT (121.39778 23.631945)
46467059,88T920,6.5,9.0,46.0,114.5,155.0,331.0,2025-09-23 23:50:00,128.0,大興,23.631945,121.39778,128.0,POINT (121.39778 23.631945)
46112103,C0T9D0,0.0,6.0,13.5,13.5,16.0,16.0,2025-09-21 23:50:00,7.0,和中,24.266762,121.74103,7.0,POINT (121.74103 24.266762)
46290639,C0T9D0,1.0,15.5,38.5,62.0,80.5,125.5,2025-09-22 23:50:00,7.0,和中,24.266762,121.74103,7.0,POINT (121.74103 24.266762)
46467463,C0T9D0,0.0,0.0,0.0,14.5,44.5,188.0,2025-09-23 23:50:00,7.0,和中,24.266762,121.74103,7.0,POINT (121.74103 24.266762)
46112104,C0T9E0,0.5,4.0,4.0,4.0,4.0,4.0,2025-09-21 23:50:00,415.0,大坑,23.880629,121.58198,415.0,POINT (121.58198 23.880629)
46290640,C0T9E0,0.0,0.5,5.0,29.0,42.0,62.5,2025-09-22 23:50:00,415.0,大坑,23.880629,121.58198,415.0,POINT (121.58198 23.880629)
46467464,C0T9E0,0.0,0.0,42.0,59.0,151.5,230.0,2025-09-23 23:50:00,415.0,大坑,23.880629,121.58198,415.0,POINT (121.58198 23.880629)
46112105,C0T9F0,0.0,1.0,1.0,1.0,1.0,1.0,2025-09-21 23:50:00,251.0,水璉,23.79713,121.54251,251.0,POINT (121.54251 23.79713)
46290641,C0T9F0,0.0,0.0,17.0,26.5,37.0,61.5,2025-09-22 23:50:00,251.0,水璉,23.79713,121.54251,251.0,POINT (121.54251 23.79713)
46467465,C0T9F0,0.0,5.5,29.5,30.5,54.5,146.5,2025-09-23 23:50:00,251.0,水璉,23.79713,121.54251,251.0,POINT (121.54251 23.79713)
46112106,C0T9G0,0.0,1.0,1.0,1.0,1.0,1.0,2025-09-21 23:50:00,605.0,鳳林山,23.73527,121.42013,605.0,POINT (121.42013 23.73527)
46290642,C0T9G0,3.5,4.0,12.5,37.5,52.5,98.5,2025-09-22 23:50:00,605.0,鳳林山,23.73527,121.42013,605.0,POINT (121.42013 23.73527)
46467466,C0T9G0,9.0,14.5,53.0,102.0,181.0,309.0,2025-09-23 23:50:00,605.0,鳳林山,23.73527,121.42013,605.0,POINT (121.42013 23.73527)
46112107,C0T9H0,3.0,3.5,3.5,3.5,4.0,4.0,2025-09-21 23:50:00,725.0,加路蘭山,23.682947,121.5274,725.0,POINT (121.5274 23.682947)
46290643,C0T9H0,0.0,0.0,5.5,16.5,27.0,52.5,2025-09-22 23:50:00,725.0,加路蘭山,23.682947,121.5274,725.0,POINT (121.5274 23.682947)
46467467,C0T9H0,5.5,11.5,39.0,67.5,114.0,163.0,2025-09-23 23:50:00,725.0,加路蘭山,23.682947,121.5274,725.0,POINT (121.5274 23.682947)
46112108,C0T9I0,0.0,2.0,2.0,2.0,2.0,2.0,2025-09-21 23:50:00,152.0,豐濱,23.583897,121.51481,152.0,POINT (121.51481 23.583897)
46290644,C0T9I0,1.0,1.5,11.5,30.5,49.0,63.0,2025-09-22 23:50:00,152.0,豐濱,23.583897,121.51481,152.0,POINT (121.51481 23.583897)
46467468,C0T9I0,2.5,11.0,19.0,69.5,95.0,197.0,2025-09-23 23:50:00,152.0,豐濱,23.583897,121.51481,152.0,POINT (121.51481 23.583897)
46112109,C0T9M0,0.0,6.0,8.5,8.5,9.5,9.5,2025-09-21 23:50:00,92.0,靜浦,23.455168,121.495026,92.0,POINT (121.495026 23.455168)
46290645,C0T9M0,5.5,5.5,17.5,34.0,40.0,50.5,2025-09-22 23:50:00,92.0,靜浦,23.455168,121.495026,92.0,POINT (121.495026 23.455168)
46467469,C0T9M0,0.0,4.0,17.0,43.5,48.0,75.5,2025-09-23 23:50:00,92.0,靜浦,23.455168,121.495026,92.0,POINT (121.495026 23.455168)
46112110,C0T9N0,0.0,0.5,0.5,0.5,0.5,0.5,2025-09-21 23:50:00,261.0,富里,23.171638,121.249374,261.0,POINT (121.249374 23.171638)
46290646,C0T9N0,1.5,19.0,51.0,71.0,140.5,151.0,2025-09-22 23:50:00,261.0,富里,23.171638,121.249374,261.0,POINT (121.249374 23.171638)
46467470,C0T9N0,1.0,16.5,60.5,118.0,211.0,407.0,2025-09-23 23:50:00,261.0,富里,23.171638,121.249374,261.0,POINT (121.249374 23.171638)
46112097,C0T820,0.5,0.5,1.5,1.5,8.5,8.5,2025-09-21 23:50:00,550.0,天祥,24.179598,121.495636,550.0,POINT (121.495636 24.179598)
46290633,C0T820,1.5,19.5,59.5,134.0,149.5,202.0,2025-09-22 23:50:00,550.0,天祥,24.179598,121.495636,550.0,POINT (121.495636 24.179598)
46467457,C0T820,2.0,27.5,85.5,203.5,368.5,659.5,2025-09-23 23:50:00,550.0,天祥,24.179598,121.495636,550.0,POINT (121.495636 24.179598)
46112098,C0T870,0.5,1.0,1.0,1.0,1.0,1.0,2025-09-21 23:50:00,135.0,鯉魚潭,23.935638,121.50894,135.0,POINT (121.50894 23.935638)
46290634,C0T870,0.0,1.0,10.0,68.0,95.0,130.5,2025-09-22 23:50:00,135.0,鯉魚潭,23.935638,121.50894,135.0,POINT (121.50894 23.935638)
46467458,C0T870,0.0,1.0,60.5,95.5,239.5,359.0,2025-09-23 23:50:00,135.0,鯉魚潭,23.935638,121.50894,135.0,POINT (121.50894 23.935638)
46112099,C0T900,0.0,0.5,0.5,0.5,2.5,2.5,2025-09-21 23:50:00,160.0,西林,23.8119,121.44146,160.0,POINT (121.44146 23.8119)
46290635,C0T900,2.0,2.0,12.5,34.0,52.5,73.0,2025-09-22 23:50:00,160.0,西林,23.8119,121.44146,160.0,POINT (121.44146 23.8119)
46467459,C0T900,4.0,14.5,56.5,92.5,190.5,384.0,2025-09-23 23:50:00,160.0,西林,23.8119,121.44146,160.0,POINT (121.44146 23.8119)
46112100,C0T960,0.5,1.0,1.0,1.0,1.5,1.5,2025-09-21 23:50:00,120.0,光復,23.660694,121.424965,120.0,POINT (121.424965 23.660694)
46290636,C0T960,0.0,0.0,10.5,54.0,83.0,117.0,2025-09-22 23:50:00,120.0,光復,23.660694,121.424965,120.0,POINT (121.424965 23.660694)
46467460,C0T960,3.5,10.5,51.0,133.5,181.0,327.5,2025-09-23 23:50:00,120.0,光復,23.660694,121.424965,120.0,POINT (121.424965 23.660694)
46112101,C0T9A0,0.0,0.5,0.5,0.5,0.5,0.5,2025-09-21 23:50:00,498.0,月眉山,23.809929,121.539825,498.0,POINT (121.539825 23.809929)
46290637,C0T9A0,0.0,0.0,8.5,23.0,35.5,57.5,2025-09-22 23:50:00,498.0,月眉山,23.809929,121.539825,498.0,POINT (121.539825 23.809929)
46467461,C0T9A0,0.0,2.5,25.0,27.0,60.5,142.0,2025-09-23 23:50:00,498.0,月眉山,23.809929,121.539825,498.0,POINT (121.539825 23.809929)
46112102,C0T9B0,0.0,0.5,0.5,0.5,2.5,2.5,2025-09-21 23:50:00,558.0,水源,23.991861,121.53717,558.0,POINT (121.53717 23.991861)
46290638,C0T9B0,0.5,2.5,13.0,36.0,85.5,125.5,2025-09-22 23:50:00,558.0,水源,23.991861,121.53717,558.0,POINT (121.53717 23.991861)
46467462,C0T9B0,4.5,13.5,79.0,112.0,235.0,351.5,2025-09-23 23:50:00,558.0,水源,23.991861,121.53717,558.0,POINT (121.53717 23.991861)
46112232,C0Z190,1.0,2.5,5.0,5.0,5.0,5.0,2025-09-21 23:50:00,62.0,富世,24.147432,121.6297,62.0,POINT (121.6297 24.147432)
46290765,C0Z190,3.0,12.0,17.0,69.0,84.0,124.5,2025-09-22 23:50:00,62.0,富世,24.147432,121.6297,62.0,POINT (121.6297 24.147432)
46467588,C0Z190,0.0,8.0,12.5,54.5,101.5,285.0,2025-09-23 23:50:00,62.0,富世,24.147432,121.6297,62.0,POINT (121.6297 24.147432)
46112233,C0Z200,0.0,1.0,1.0,1.0,1.0,1.0,2025-09-21 23:50:00,153.0,萬榮,23.709219,121.420105,153.0,POINT (121.420105 23.709219)
46290766,C0Z200,1.0,2.5,16.0,49.0,67.0,107.5,2025-09-22 23:50:00,153.0,萬榮,23.709219,121.420105,153.0,POINT (121.420105 23.709219)
46467589,C0Z200,7.5,10.5,48.5,99.0,177.0,295.5,2025-09-23 23:50:00,153.0,萬榮,23.709219,121.420105,153.0,POINT (121.420105 23.709219)
46112234,C0Z210,0.0,1.5,1.5,1.5,1.5,1.5,2025-09-21 23:50:00,126.0,瑞穗,23.5239,121.39021,126.0,POINT (121.39021 23.5239)
46290767,C0Z210,1.5,2.0,50.5,78.5,110.0,140.0,2025-09-22 23:50:00,126.0,瑞穗,23.5239,121.39021,126.0,POINT (121.39021 23.5239)
46467590,C0Z210,0.5,15.0,62.0,154.0,202.5,356.0,2025-09-23 23:50:00,126.0,瑞穗,23.5239,121.39021,126.0,POINT (121.39021 23.5239)
46112235,C0Z220,0.0,0.5,7.5,7.5,12.0,12.0,2025-09-21 23:50:00,589.0,和平林道,24.343922,121.65632,589.0,POINT (121.65632 24.343922)
46290768,C0Z220,0.5,26.5,40.5,62.0,125.5,155.5,2025-09-22 23:50:00,589.0,和平林道,24.343922,121.65632,589.0,POINT (121.65632 24.343922)
46112222,C0Z020,0.5,2.0,2.0,2.0,2.0,2.0,2025-09-21 23:50:00,211.0,明里,23.208717,121.262344,211.0,POINT (121.262344 23.208717)
46290755,C0Z020,2.5,14.0,35.5,52.5,90.0,100.0,2025-09-22 23:50:00,211.0,明里,23.208717,121.262344,211.0,POINT (121.262344 23.208717)
46467591,C0Z220,0.5,10.5,23.0,68.5,122.0,301.5,2025-09-23 23:50:00,589.0,和平林道,24.343922,121.65632,589.0,POINT (121.65632 24.343922)
46112236,C0Z230,0.0,5.5,22.5,22.5,31.5,31.5,2025-09-21 23:50:00,31.0,和平,24.307169,121.770065,31.0,POINT (121.770065 24.307169)
46290769,C0Z230,3.5,17.0,31.0,49.5,57.5,75.0,2025-09-22 23:50:00,31.0,和平,24.307169,121.770065,31.0,POINT (121.770065 24.307169)
46467578,C0Z020,2.0,32.5,78.0,146.0,227.5,426.5,2025-09-23 23:50:00,211.0,明里,23.208717,121.262344,211.0,POINT (121.262344 23.208717)
46112223,C0Z050,0.5,1.5,1.5,3.0,7.5,7.5,2025-09-21 23:50:00,830.0,佳心,23.345667,121.213165,830.0,POINT (121.213165 23.345667)
46290756,C0Z050,1.0,27.0,40.0,72.0,98.5,132.0,2025-09-22 23:50:00,830.0,佳心,23.345667,121.213165,830.0,POINT (121.213165 23.345667)
46467592,C0Z230,0.0,0.0,0.0,7.5,20.0,116.5,2025-09-23 23:50:00,31.0,和平,24.307169,121.770065,31.0,POINT (121.770065 24.307169)
46112237,C0Z250,0.0,2.0,2.0,3.0,6.5,7.0,2025-09-21 23:50:00,1124.0,瑞穗林道,23.492842,121.306885,1124.0,POINT (121.306885 23.492842)
46290770,C0Z250,4.0,8.0,55.5,118.5,166.0,186.5,2025-09-22 23:50:00,1124.0,瑞穗林道,23.492842,121.306885,1124.0,POINT (121.306885 23.492842)
46467579,C0Z050,4.0,31.0,50.0,105.5,237.5,442.0,2025-09-23 23:50:00,830.0,佳心,23.345667,121.213165,830.0,POINT (121.213165 23.345667)
46112224,C0Z061,0.0,2.5,2.5,2.5,3.0,3.0,2025-09-21 23:50:00,174.0,玉里,23.3215,121.33965,174.0,POINT (121.33965 23.3215)
46290757,C0Z061,0.0,20.0,40.0,65.0,94.0,108.5,2025-09-22 23:50:00,174.0,玉里,23.3215,121.33965,174.0,POINT (121.33965 23.3215)
46467593,C0Z250,2.5,26.0,43.0,165.0,244.0,480.5,2025-09-23 23:50:00,1124.0,瑞穗林道,23.492842,121.306885,1124.0,POINT (121.306885 23.492842)
46112238,C0Z270,0.0,3.0,3.0,3.0,3.0,3.0,2025-09-21 23:50:00,343.0,蕃薯寮,23.73835,121.54011,343.0,POINT (121.54011 23.73835)
46290771,C0Z270,0.0,0.0,3.0,19.5,28.5,69.5,2025-09-22 23:50:00,343.0,蕃薯寮,23.73835,121.54011,343.0,POINT (121.54011 23.73835)
46467580,C0Z061,0.0,32.5,45.0,123.0,227.5,348.5,2025-09-23 23:50:00,174.0,玉里,23.3215,121.33965,174.0,POINT (121.33965 23.3215)
46112225,C0Z070,1.0,3.5,3.5,4.0,4.0,4.0,2025-09-21 23:50:00,247.0,舞鶴,23.468115,121.37407,247.0,POINT (121.37407 23.468115)
46290758,C0Z070,1.5,15.0,50.5,69.5,93.0,109.0,2025-09-22 23:50:00,247.0,舞鶴,23.468115,121.37407,247.0,POINT (121.37407 23.468115)
46467594,C0Z270,3.5,18.0,43.0,57.0,80.5,196.0,2025-09-23 23:50:00,343.0,蕃薯寮,23.73835,121.54011,343.0,POINT (121.54011 23.73835)
46112239,C0Z280,0.5,3.0,3.5,3.5,4.0,4.0,2025-09-21 23:50:00,224.0,德武,23.474264,121.41071,224.0,POINT (121.41071 23.474264)
46290772,C0Z280,0.0,0.0,28.5,68.0,94.5,113.5,2025-09-22 23:50:00,224.0,德武,23.474264,121.41071,224.0,POINT (121.41071 23.474264)
46467581,C0Z070,3.0,17.0,59.5,112.5,157.5,267.0,2025-09-23 23:50:00,247.0,舞鶴,23.468115,121.37407,247.0,POINT (121.37407 23.468115)
46112226,C0Z080,0.0,1.0,1.0,1.5,3.0,3.0,2025-09-21 23:50:00,298.0,富源,23.587643,121.37823,298.0,POINT (121.37823 23.587643)
46290759,C0Z080,4.5,4.5,32.0,64.5,82.5,108.0,2025-09-22 23:50:00,298.0,富源,23.587643,121.37823,298.0,POINT (121.37823 23.587643)
46467595,C0Z280,0.0,11.5,59.0,119.5,152.5,286.5,2025-09-23 23:50:00,224.0,德武,23.474264,121.41071,224.0,POINT (121.41071 23.474264)
46112240,C0Z290,0.0,3.5,4.5,4.5,5.0,5.0,2025-09-21 23:50:00,946.0,赤柯山,23.368929,121.382935,946.0,POINT (121.382935 23.368929)
46290773,C0Z290,1.5,13.5,43.0,67.0,81.0,94.5,2025-09-22 23:50:00,946.0,赤柯山,23.368929,121.382935,946.0,POINT (121.382935 23.368929)
46467582,C0Z080,3.0,8.5,54.5,103.5,126.0,287.5,2025-09-23 23:50:00,298.0,富源,23.587643,121.37823,298.0,POINT (121.37823 23.587643)
46112227,C0Z100,0.0,1.0,1.0,1.0,1.0,1.0,2025-09-21 23:50:00,36.0,東華,23.89525,121.549835,36.0,POINT (121.549835 23.89525)
46467596,C0Z290,0.0,19.0,32.5,180.0,251.5,393.5,2025-09-23 23:50:00,946.0,赤柯山,23.368929,121.382935,946.0,POINT (121.382935 23.368929)
46290760,C0Z100,0.0,1.0,6.0,41.5,61.5,88.5,2025-09-22 23:50:00,36.0,東華,23.89525,121.549835,36.0,POINT (121.549835 23.89525)
46112241,C0Z300,2.0,4.0,4.0,4.0,5.0,5.0,2025-09-21 23:50:00,182.0,東里,23.268528,121.305466,182.0,POINT (121.305466 23.268528)
46290774,C0Z300,1.5,8.0,33.5,45.5,71.0,78.0,2025-09-22 23:50:00,182.0,東里,23.268528,121.305466,182.0,POINT (121.305466 23.268528)
46467583,C0Z100,0.0,0.0,60.5,77.5,176.0,280.0,2025-09-23 23:50:00,36.0,東華,23.89525,121.549835,36.0,POINT (121.549835 23.89525)
46112228,C0Z150,0.0,1.0,1.0,1.0,1.0,1.0,2025-09-21 23:50:00,27.0,吉安光華,23.930925,121.59515,27.0,POINT (121.59515 23.930925)
46290761,C0Z150,2.0,3.0,8.0,54.5,70.0,99.0,2025-09-22 23:50:00,27.0,吉安光華,23.930925,121.59515,27.0,POINT (121.59515 23.930925)
46467584,C0Z150,0.0,8.5,50.5,58.5,126.5,205.5,2025-09-23 23:50:00,27.0,吉安光華,23.930925,121.59515,27.0,POINT (121.59515 23.930925)
46467597,C0Z300,1.5,18.0,38.5,81.0,181.0,315.0,2025-09-23 23:50:00,182.0,東里,23.268528,121.305466,182.0,POINT (121.305466 23.268528)
46112242,C0Z310,0.5,4.0,7.0,7.0,7.0,7.0,2025-09-21 23:50:00,59.0,清水斷崖,24.218294,121.68914,59.0,POINT (121.68914 24.218294)
46112229,C0Z160,0.0,1.0,1.0,1.0,1.0,1.0,2025-09-21 23:50:00,124.0,鳳林,23.746115,121.45341,124.0,POINT (121.45341 23.746115)
46290762,C0Z160,0.5,0.5,5.0,24.5,36.0,78.5,2025-09-22 23:50:00,124.0,鳳林,23.746115,121.45341,124.0,POINT (121.45341 23.746115)
46290775,C0Z310,0.0,16.5,47.5,68.5,94.5,186.0,2025-09-22 23:50:00,59.0,清水斷崖,24.218294,121.68914,59.0,POINT (121.68914 24.218294)
46467585,C0Z160,5.0,13.0,57.5,99.5,176.0,284.5,2025-09-23 23:50:00,124.0,鳳林,23.746115,121.45341,124.0,POINT (121.45341 23.746115)
46112230,C0Z170,0.0,1.5,1.5,1.5,1.5,1.5,2025-09-21 23:50:00,216.0,卓溪,23.344332,121.30286,216.0,POINT (121.30286 23.344332)
46290763,C0Z170,0.0,16.5,37.5,87.5,103.5,126.0,2025-09-22 23:50:00,216.0,卓溪,23.344332,121.30286,216.0,POINT (121.30286 23.344332)
46467598,C0Z310,0.0,7.5,8.0,32.0,56.5,207.5,2025-09-23 23:50:00,59.0,清水斷崖,24.218294,121.68914,59.0,POINT (121.68914 24.218294)
46112243,C0Z320,0.5,1.0,1.0,1.5,3.5,3.5,2025-09-21 23:50:00,646.0,清水林道,23.27125,121.18827,646.0,POINT (121.18827 23.27125)
46290776,C0Z320,1.5,10.5,32.0,60.5,87.5,102.5,2025-09-22 23:50:00,646.0,清水林道,23.27125,121.18827,646.0,POINT (121.18827 23.27125)
46467586,C0Z170,0.0,29.5,50.0,105.5,217.0,348.5,2025-09-23 23:50:00,216.0,卓溪,23.344332,121.30286,216.0,POINT (121.30286 23.344332)
46112231,C0Z180,1.5,4.0,4.0,4.0,4.0,4.0,2025-09-21 23:50:00,37.0,新城,24.039461,121.60454,34.0,POINT (121.60454 24.039461)
46290764,C0Z180,1.0,3.5,18.5,45.0,67.5,91.0,2025-09-22 23:50:00,37.0,新城,24.039461,121.60454,34.0,POINT (121.60454 24.039461)
46467599,C0Z320,0.0,23.5,64.0,134.0,228.5,469.5,2025-09-23 23:50:00,646.0,清水林道,23.27125,121.18827,646.0,POINT (121.18827 23.27125)
46112244,C0Z330,1.5,5.5,5.5,5.5,6.5,6.5,2025-09-21 23:50:00,488.0,安通山,23.290728,121.348526,488.0,POINT (121.348526 23.290728)
46290777,C0Z330,1.0,28.0,64.5,78.0,106.0,110.5,2025-09-22 23:50:00,488.0,安通山,23.290728,121.348526,488.0,POINT (121.348526 23.290728)
46467587,C0Z180,0.5,7.5,28.0,46.0,106.5,214.5,2025-09-23 23:50:00,37.0,新城,24.039461,121.60454,34.0,POINT (121.60454 24.039461)
46467600,C0Z330,0.0,28.5,43.0,111.5,202.5,335.5,2025-09-23 23:50:00,488.0,安通山,23.290728,121.348526,488.0,POINT (121.348526 23.290728)
46112339,C1S850,0.0,0.5,0.5,0.5,1.5,1.5,2025-09-21 23:50:00,489.0,豐南,23.122139,121.26239,489.0,POINT (121.26239 23.122139)
46290872,C1S850,0.0,8.0,29.0,51.5,91.5,101.5,2025-09-22 23:50:00,489.0,豐南,23.122139,121.26239,489.0,POINT (121.26239 23.122139)
46112349,C1T940,0.0,1.5,1.5,1.5,2.0,2.0,2025-09-21 23:50:00,539.0,大觀,23.714207,121.37313,539.0,POINT (121.37313 23.714207)
46290882,C1T940,6.5,6.5,39.0,82.5,100.5,147.5,2025-09-22 23:50:00,539.0,大觀,23.714207,121.37313,539.0,POINT (121.37313 23.714207)
46112347,C1T830,2.0,2.5,6.5,6.5,7.5,7.5,2025-09-21 23:50:00,675.0,布洛灣,24.171843,121.571266,675.0,POINT (121.571266 24.171843)
46290880,C1T830,1.0,14.5,25.0,81.0,103.5,158.5,2025-09-22 23:50:00,675.0,布洛灣,24.171843,121.571266,675.0,POINT (121.571266 24.171843)
46467705,C1T940,6.5,15.5,69.0,187.5,269.5,466.5,2025-09-23 23:50:00,539.0,大觀,23.714207,121.37313,539.0,POINT (121.37313 23.714207)
46112350,C1T950,0.0,1.0,1.0,1.0,1.0,1.0,2025-09-21 23:50:00,1050.0,太安,23.66672,121.370125,1050.0,POINT (121.370125 23.66672)
46290883,C1T950,0.0,0.5,21.0,70.0,103.0,148.0,2025-09-22 23:50:00,1050.0,太安,23.66672,121.370125,1050.0,POINT (121.370125 23.66672)
46112351,C1T970,0.0,1.5,1.5,1.5,1.5,1.5,2025-09-21 23:50:00,183.0,大農,23.615232,121.41333,183.0,POINT (121.41333 23.615232)
46467703,C1T830,0.5,33.5,54.5,110.5,210.0,464.5,2025-09-23 23:50:00,675.0,布洛灣,24.171843,121.571266,675.0,POINT (121.571266 24.171843)
46467695,C1S850,0.0,10.5,61.5,111.0,183.0,380.0,2025-09-23 23:50:00,489.0,豐南,23.122139,121.26239,489.0,POINT (121.26239 23.122139)
46467706,C1T950,3.0,20.5,48.0,100.0,155.0,312.5,2025-09-23 23:50:00,1050.0,太安,23.66672,121.370125,1050.0,POINT (121.370125 23.66672)
46112354,C1TA00,2.0,2.5,7.5,7.5,7.5,7.5,2025-09-21 23:50:00,94.0,太魯閣,24.157728,121.6236,94.0,POINT (121.6236 24.157728)
46290884,C1T970,1.0,1.0,17.5,55.5,73.0,98.5,2025-09-22 23:50:00,183.0,大農,23.615232,121.41333,183.0,POINT (121.41333 23.615232)
46112348,C1T920,0.0,2.0,2.0,2.0,2.0,2.0,2025-09-21 23:50:00,68.0,中興,23.769503,121.49865,68.0,POINT (121.49865 23.769503)
46112345,C1T800,0.0,0.0,0.5,0.5,8.0,8.0,2025-09-21 23:50:00,1260.0,洛韶,24.204557,121.45396,1260.0,POINT (121.45396 24.204557)
46290878,C1T800,2.0,21.0,47.0,101.0,121.5,152.0,2025-09-22 23:50:00,1260.0,洛韶,24.204557,121.45396,1260.0,POINT (121.45396 24.204557)
46290887,C1TA00,2.0,14.5,20.0,57.5,75.0,124.0,2025-09-22 23:50:00,94.0,太魯閣,24.157728,121.6236,94.0,POINT (121.6236 24.157728)
46290881,C1T920,0.0,0.0,4.0,19.5,33.0,63.5,2025-09-22 23:50:00,68.0,中興,23.769503,121.49865,68.0,POINT (121.49865 23.769503)
46467707,C1T970,8.0,23.0,55.5,105.5,142.0,286.0,2025-09-23 23:50:00,183.0,大農,23.615232,121.41333,183.0,POINT (121.41333 23.615232)
46467701,C1T800,1.5,25.5,106.0,180.0,330.0,587.0,2025-09-23 23:50:00,1260.0,洛韶,24.204557,121.45396,1260.0,POINT (121.45396 24.204557)
46112346,C1T810,0.0,0.0,1.5,1.5,8.0,8.0,2025-09-21 23:50:00,2049.0,慈恩,24.192043,121.38839,2049.0,POINT (121.38839 24.192043)
46467710,C1TA00,0.0,7.0,9.0,48.0,83.0,255.0,2025-09-23 23:50:00,94.0,太魯閣,24.157728,121.6236,94.0,POINT (121.6236 24.157728)
46290879,C1T810,2.0,10.5,48.0,127.5,157.0,197.5,2025-09-22 23:50:00,2049.0,慈恩,24.192043,121.38839,2049.0,POINT (121.38839 24.192043)
46112353,C1T990,0.0,4.5,4.5,4.5,4.5,4.5,2025-09-21 23:50:00,128.0,高寮,23.39424,121.35681,128.0,POINT (121.35681 23.39424)
46290886,C1T990,2.5,11.0,28.0,39.5,61.0,87.0,2025-09-22 23:50:00,128.0,高寮,23.39424,121.35681,128.0,POINT (121.35681 23.39424)
46467704,C1T920,1.0,17.0,45.5,66.0,118.0,272.0,2025-09-23 23:50:00,68.0,中興,23.769503,121.49865,68.0,POINT (121.49865 23.769503)
46467702,C1T810,1.0,15.5,79.0,126.5,226.0,369.0,2025-09-23 23:50:00,2049.0,慈恩,24.192043,121.38839,2049.0,POINT (121.38839 24.192043)
46112375,C1Z030,0.0,1.5,1.5,5.0,6.0,6.0,2025-09-21 23:50:00,218.0,紅葉,23.493118,121.338806,218.0,POINT (121.338806 23.493118)
46290908,C1Z030,1.0,1.5,54.5,113.5,161.5,184.0,2025-09-22 23:50:00,218.0,紅葉,23.493118,121.338806,218.0,POINT (121.338806 23.493118)
46467709,C1T990,0.5,15.5,30.5,164.0,262.0,425.5,2025-09-23 23:50:00,128.0,高寮,23.39424,121.35681,128.0,POINT (121.35681 23.39424)
46467731,C1Z030,5.0,24.5,51.0,130.5,172.0,369.0,2025-09-23 23:50:00,218.0,紅葉,23.493118,121.338806,218.0,POINT (121.338806 23.493118)
46112376,C1Z040,1.0,3.5,3.5,5.0,8.0,8.0,2025-09-21 23:50:00,434.0,立山,23.443356,121.32738,434.0,POINT (121.32738 23.443356)
46290909,C1Z040,0.5,8.5,28.0,53.5,113.0,137.0,2025-09-22 23:50:00,434.0,立山,23.443356,121.32738,434.0,POINT (121.32738 23.443356)
46467732,C1Z040,0.5,30.0,43.0,189.5,315.5,484.0,2025-09-23 23:50:00,434.0,立山,23.443356,121.32738,434.0,POINT (121.32738 23.443356)
46112377,C1Z110,1.0,3.0,4.0,4.0,4.5,4.5,2025-09-21 23:50:00,680.0,三棧,24.115568,121.605,680.0,POINT (121.605 24.115568)
46290910,C1Z110,1.5,9.0,34.5,74.0,98.0,122.0,2025-09-22 23:50:00,680.0,三棧,24.115568,121.605,680.0,POINT (121.605 24.115568)
46467733,C1Z110,0.0,23.0,42.5,83.5,141.5,299.0,2025-09-23 23:50:00,680.0,三棧,24.115568,121.605,680.0,POINT (121.605 24.115568)
46112378,C1Z120,1.0,2.5,2.5,2.5,2.5,2.5,2025-09-21 23:50:00,62.0,壽豐,23.870853,121.50808,62.0,POINT (121.50808 23.870853)
46290911,C1Z120,0.0,0.5,7.0,31.0,42.5,65.5,2025-09-22 23:50:00,62.0,壽豐,23.870853,121.50808,62.0,POINT (121.50808 23.870853)
46467734,C1Z120,0.0,1.0,31.0,58.0,147.5,257.0,2025-09-23 23:50:00,62.0,壽豐,23.870853,121.50808,62.0,POINT (121.50808 23.870853)
46112379,C1Z130,-998.0,-998.0,-998.0,-998.0,0.5,0.5,2025-09-21 23:50:00,187.0,銅門,23.965694,121.49284,187.0,POINT (121.49284 23.965694)
46290912,C1Z130,0.0,3.5,13.0,75.0,103.5,142.0,2025-09-22 23:50:00,187.0,銅門,23.965694,121.49284,187.0,POINT (121.49284 23.965694)
46467735,C1Z130,0.5,8.0,77.0,118.0,287.5,397.5,2025-09-23 23:50:00,187.0,銅門,23.965694,121.49284,187.0,POINT (121.49284 23.965694)
46112380,C1Z140,0.0,1.0,1.0,1.0,1.0,1.0,2025-09-21 23:50:00,950.0,荖溪,23.890575,121.45964,950.0,POINT (121.45964 23.890575)
46112381,C1Z240,0.0,1.5,1.5,3.5,6.5,6.5,2025-09-21 23:50:00,1163.0,中平林道,23.421146,121.26763,1163.0,POINT (121.26763 23.421146)
46290913,C1Z240,1.5,7.0,12.5,24.0,55.0,75.0,2025-09-22 23:50:00,1163.0,中平林道,23.421146,121.26763,1163.0,POINT (121.26763 23.421146)
46467736,C1Z240,0.5,26.0,39.0,110.5,181.0,287.0,2025-09-23 23:50:00,1163.0,中平林道,23.421146,121.26763,1163.0,POINT (121.26763 23.421146)
46112612,O1T800,0.0,4.0,4.0,4.0,4.0,4.0,2025-09-21 23:50:00,103.0,奇美國小,23.496927,121.44593,103.0,POINT (121.44593 23.496927)
46291144,O1T800,0.0,0.0,33.0,67.0,96.0,121.0,2025-09-22 23:50:00,103.0,奇美國小,23.496927,121.44593,103.0,POINT (121.44593 23.496927)
46467967,O1T800,0.0,7.0,43.0,86.0,102.0,184.0,2025-09-23 23:50:00,103.0,奇美國小,23.496927,121.44593,103.0,POINT (121.44593 23.496927)
46112613,O1T810,0.0,1.0,1.0,1.0,1.0,1.0,2025-09-21 23:50:00,203.0,卓清國小,23.278427,121.27198,203.0,POINT (121.27198 23.278427)
46291145,O1T810,0.0,8.0,37.0,60.0,85.0,93.0,2025-09-22 23:50:00,203.0,卓清國小,23.278427,121.27198,203.0,POINT (121.27198 23.278427)
46467968,O1T810,0.0,14.0,42.0,93.0,173.0,329.0,2025-09-23 23:50:00,203.0,卓清國小,23.278427,121.27198,203.0,POINT (121.27198 23.278427)
46112614,O1T820,0.0,1.0,1.0,1.0,1.0,1.0,2025-09-21 23:50:00,150.0,太平國小,23.405748,121.32013,150.0,POINT (121.32013 23.405748)
46291146,O1T820,0.0,10.0,21.0,35.0,73.0,94.0,2025-09-22 23:50:00,150.0,太平國小,23.405748,121.32013,150.0,POINT (121.32013 23.405748)
46467969,O1T820,0.0,20.0,30.0,146.0,236.0,381.0,2025-09-23 23:50:00,150.0,太平國小,23.405748,121.32013,150.0,POINT (121.32013 23.405748)
46112615,O1T840,-998.0,-998.0,-998.0,-998.0,0.0,0.0,2025-09-21 23:50:00,18.0,花蓮,23.972935,121.60599,18.0,POINT (121.60599 23.972935)
46291147,O1T840,0.0,1.0,10.0,26.0,60.0,99.0,2025-09-22 23:50:00,18.0,花蓮,23.972935,121.60599,18.0,POINT (121.60599 23.972935)
46467970,O1T840,0.0,0.0,26.0,37.0,103.0,206.0,2025-09-23 23:50:00,18.0,花蓮,23.972935,121.60599,18.0,POINT (121.60599 23.972935)
