序號,縣市及鄉鎮市區,村里,避難收容處所地址,經度,緯度,避難收容處所名稱,預計收容村里,預計收容人數,適用災害類別,管理人姓名,管理人電話,室內,室外,適合避難弱者安置,is_indoor,debrisstream_level,Avg_slope,Max_elevation,Slope_risk_level
46,花蓮縣秀林鄉,和平村,和平112號,121.748879,24.308073,和平國小,和中部落,250,"水災,土石流",蔡金郎,03-868113,是,否,否,True,Safe,1.5509920608148153,26.299999237060547,Low
1306,花蓮縣富里鄉,豐南村,豐南7鄰12-3號,121.2686,23.143,豐南社區活動中心,豐南村,50,"水災,震災,土石流,海嘯",黃瓊瑤,03-8831820,是,否,是,True,High,5.911457185588702,311.9700012207031,Low
1332,花蓮縣富里鄉,富南村,富南村4鄰42-1號,121.2399,23.1612,玉寶宮,富南村,20,"水災,土石流",鄧仲量,03-8831822,是,否,是,True,Safe,3.2684152989670703,248.0500030517578,Low
1342,花蓮縣富里鄉,永豐村,永豐10鄰20-1號,121.2565,23.1714,永豐社區活動中心,永豐村,50,"水災,土石流",黃瓊瑤,03-8831821,是,否,是,True,Low,8.039099878329363,315.70001220703125,Low
1350,花蓮縣富里鄉,富里村,中山路205號,121.247624,23.174527,富里老人文康中心,富里村,100,"水災,土石流",古智雄,03-8831048,是,否,是,True,Safe,4.229494044960926,264.3999938964844,Low
1353,花蓮縣卓溪鄉,古風村,23鄰16-1號,121.2359,23.1784,石平社區活動中心,古風村石平社區,50,"水災,土石流",林章成,03-8881852,是,否,是,True,Safe,10.943724090014607,363.2099914550781,Low
1355,花蓮縣富里鄉,富里村,中山路376號,121.2503,23.1795,富里鄉公所2樓,富里村,100,"水災,土石流",陳伯昇,03-8831111,是,否,是,True,Safe,8.842716775269578,311.5299987792969,Low
1379,花蓮縣富里鄉,石牌村,8鄰富北34-2號,121.2643,23.1928,石牌社區活動中心,石牌村,30,"水災,土石流",王貞予,03-8831323,是,否,是,True,Safe,4.836707084137049,234.9499969482422,Low
1386,花蓮縣富里鄉,明里村,3鄰明里37號,121.2522,23.1998,明里社區活動中心,明里村,50,"水災,土石流",徐祥寶,03-8846057,是,否,是,True,Safe,3.074848928023149,250.22999572753906,Low
1389,花蓮縣富里鄉,羅山村,9鄰東湖39號,121.2776,23.2021,羅山縱管處,羅山村,50,"水災,土石流",徐祥寶,03-8821330,是,否,是,True,Safe,4.788546317657566,259.2300109863281,Low
1422,花蓮縣卓溪鄉,古風村,崙天18號,121.2645,23.2192,古風國小,古風村崙天,100,"水災,土石流",黃印龍,03-8846058,是,否,是,True,High,2.6407636665310834,237.35000610351562,Low
1426,花蓮縣卓溪鄉,古風村,1鄰20號,121.2649,23.2202,崙天社區活動中心,古風村崙天社區,50,"水災,土石流",林章成,03-8881852,是,否,是,True,High,3.337324822139719,242.6199951171875,Low
1434,花蓮縣富里鄉,竹田村,1鄰東竹10號,121.2899,23.2261,新興竹田聯合社區活動中心,新興村,80,"水災,土石流",陳韋睿,03-8821423,是,否,是,True,Low,6.901517636607498,275.30999755859375,Low
1474,花蓮縣富里鄉,萬寧村,7鄰鎮寧100號,121.2982,23.251,萬寧社區活動中心,萬寧村,50,"水災,土石流",彭家玲,03-8861120,是,否,是,True,Safe,3.96992377392258,200.8300018310547,Low
1487,花蓮縣富里鄉,東里村,1鄰福安路6-1號,121.3052,23.2673,東里社區活動中心,東里村,50,"水災,土石流",廖維正,03-8861165,是,否,是,True,Safe,1.913432745978382,170.4499969482422,Low
1495,花蓮縣玉里鎮,長良里,長良143-1號,121.2878,23.2768,長良社區活動中心,長良里,20,"水災,土石流",吳光玉,03-8801450,是,否,否,True,Medium,0.9277718465482607,171.77999877929688,Low
1500,花蓮縣卓溪鄉,卓清村,1鄰13號,121.2725,23.2775,清水社區活動中心,卓清村清水,50,"水災,土石流",劉筠捷,03-8885593,是,否,是,True,High,15.658575368928728,384.2200012207031,Low
1501,花蓮縣富里鄉,吳江村,6鄰吳江65-3號,121.3227,23.2787,吳江社區活動中心,吳江村,70,"水災,土石流",彭家玲,03-8861180,是,否,是,True,Safe,6.994433695809826,218.8000030517578,Low
1528,花蓮縣卓溪鄉,卓清村,12鄰18號,121.2703,23.2956,卓樂社區活動中心,卓清村卓樂社區,50,"水災,土石流",劉筠捷,03-8885593,是,否,是,True,High,11.357231607780069,335.8699951171875,Low
1555,花蓮縣玉里鎮,樂合里,樂合65-5號,121.345,23.3183,樂合社區活動中心,樂合里,35,"水災,土石流",陳阿洲,03-8887126,是,否,否,True,High,11.758212062642027,280.1600036621094,Low
1559,花蓮縣玉里鎮,源城里,水源57-1號,121.3004,23.3219,源城社區活動中心,源城里,35,"水災,土石流",徐永成,03-8889333,是,否,否,True,Medium,6.287158317587626,225.47999572753906,Low
1564,花蓮縣玉里鎮,中城里,信義路5號,121.3139,23.3275,玉里慈惠堂,中城里,40,"水災,土石流",何正雄,03-8882921,是,否,否,True,Low,1.2448090180521814,138.8699951171875,Low
1576,花蓮縣玉里鎮,泰昌里,中正路144號,121.3153,23.3352,中正堂,國武里、泰昌里、啟模里、永昌,100,"水災,土石流",邱國峰,03-8883166206,是,否,否,True,Medium,1.0874534787142909,136.5500030517578,Low
1589,花蓮縣玉里鎮,東豐里,東豐石岡32之1號,121.3399,23.3389,東豐社區活動中心,東豐里,25,"水災,土石流",黎煥發,03-8883720,是,否,否,True,Medium,7.445520471698668,180.83999633789062,Low
1601,花蓮縣卓溪鄉,卓溪村,7鄰73號,121.3038,23.3457,卓溪多功能活動中心,卓溪村,50,"水災,土石流",施慧玉,03-8980525,是,否,否,True,High,7.720699037894941,242.05999755859375,Low
1645,花蓮縣玉里鎮,大禹里,大禹226號,121.3289,23.3805,大禹社區活動中心,大禹里,40,"水災,土石流",張添富,03-8886293,是,否,否,True,Medium,1.1117496912261713,106.83999633789062,Low
1662,花蓮縣玉里鎮,觀音里,觀音9-1號,121.3573,23.3951,觀音社區活動中心,觀音里,0,"水災,土石流",李貴福,8851223,是,否,是,True,Medium,7.129407737626453,173.33999633789062,Low
1672,花蓮縣卓溪鄉,太平村,1鄰2號,121.3205,23.406,太平國小,太平村,100,"水災,土石流",林進明,03-8888713,是,否,是,True,Low,16.607242644008405,276.6499938964844,Low
1673,花蓮縣卓溪鄉,太平村,6鄰79-1號,121.3166,23.4071,太平社區活動中心,太平村,50,"水災,土石流",潘佳屏,03-8841364,是,否,是,True,Safe,4.331027749309655,161.4199981689453,Low
1706,花蓮縣玉里鎮,松浦里,松浦214-3號,121.3737,23.4293,松浦社區活動中心,松浦里,0,"水災,土石流",林誠觀,03-8851650,是,否,否,True,Low,5.391994490440713,149.4499969482422,Low
1711,花蓮縣玉里鎮,三民里,三民131-2號,121.3498,23.4321,三民社區活動中心,三民里,25,"水災,土石流",彭新發,03-8841164,是,否,否,True,Safe,8.112691438314759,134.1300048828125,Low
1718,花蓮縣卓溪鄉,古風村,12鄰4號,121.332,23.4363,古楓社區活動中心,古風村卓楓、白端社區,50,"水災,土石流",林章成,03-8881852,是,否,是,True,Low,16.69704783903332,283.2699890136719,Low
1719,花蓮縣卓溪鄉,立山村,6鄰58號,121.332,23.4363,立山社區活動中心,立山村,50,"水災,土石流",高雅芯,03-8841572,是,否,是,True,Low,16.69704783903332,283.2699890136719,Low
1726,花蓮縣卓溪鄉,崙山村,1鄰12號,121.3443,23.4391,崙山國小,崙山村、立山村,100,"水災,土石流",莊凱杰,03-8841350,是,否,是,True,Safe,15.720001671941963,200.25999450683594,Low
1727,花蓮縣卓溪鄉,崙山村,1鄰11-1號,121.3438,23.4393,崙山社區活動中心,崙山村,50,土石流,施鎮村,03-8841362,是,否,是,True,Safe,14.425569709158378,205.91000366210938,Low
1757,花蓮縣玉里鎮,春日里,75-1號,121.3967,23.455,春日社區活動中心,春日里,35,"水災,土石流",陳青廉,03-8875453,是,否,否,True,Safe,2.1124344948338165,99.2699966430664,Low
1771,花蓮縣瑞穗鄉,舞鶴村,14鄰中正南路二段278號,121.3536,23.4602,舞鶴社區活動中心,舞鶴村,100,"水災,土石流",楊明林,03-8871755,是,否,是,True,Safe,1.9249819458360635,239.2100067138672,Low
1778,花蓮縣豐濱鄉,靜浦村,64號,121.4954,23.4615,靜浦國小大禮堂,靜浦村,0,"水災,震災",李楊元,03-8781021,是,否,是,True,Safe,7.798567435406237,67.8499984741211,Low
1796,花蓮縣玉里鎮,德武里,5鄰能雅79號,121.4074,23.4669,德武里原住民多功能活動中心,德武里,50,"水災,土石流",余榮富,03-8873161,是,否,否,True,Safe,7.286204195081749,187.94000244140625,Low
1829,花蓮縣豐濱鄉,港口村,7鄰118號,121.5043,23.4745,港口活動中心,港口村,0,"水災,震災,土石流",蕭清秀,03-8791450,是,否,是,True,Low,8.572306465648236,86.41999816894531,Low
1868,花蓮縣瑞穗鄉,瑞美村,仁愛路109號,121.3904,23.4909,瑞穗青蓮寺,全鄉,100,"水災,土石流",張雲艽,03-8875438,是,否,是,True,Safe,1.1788617770884589,86.9800033569336,Low
1870,花蓮縣瑞穗鄉,鶴岡村,167 號,121.39,23.4913,花蓮縣鶴岡國民小學,鶴岡村,100,"水災,震災",蔡伍原,03-8872740,否,否,否,True,Safe,1.0584011524933714,87.38999938964844,Low
1874,花蓮縣瑞穗鄉,瑞良村,4鄰信義路3號,121.394,23.4924,瑞良社區活動中心,瑞良村,30,"水災,土石流",黃義雄,03-8872559,是,否,是,True,Safe,1.866226908167156,83.0,Low
1878,花蓮縣瑞穗鄉,瑞美村,中山路二段389號,121.3916,23.4931,花蓮縣瑞穗鄉瑞美國民小學,瑞美村、瑞良村,50,"水災,土石流",簡三其,03-8872014,是,否,是,True,Safe,1.5325101822678122,85.06999969482422,Low
1880,花蓮縣瑞穗鄉,瑞美村,13鄰中山路二段387號,121.3912,23.4937,瑞美社區活動中心,瑞美村,30,"水災,土石流",蘇院林,03-8871611,是,否,是,True,Safe,1.694387171313984,85.06999969482422,Low
1883,花蓮縣瑞穗鄉,奇美村,2鄰40號,121.4467,23.4942,奇美社區活動中心,奇美村,20,"水災,土石流",蔣國雄,03-8991001,是,否,是,True,Safe,9.722876585130958,117.02999877929688,Low
1891,花蓮縣萬榮鄉,紅葉村,1鄰9號,121.3446,23.4954,紅葉社區活動中心,紅葉村,50,"水災,土石流,海嘯",胡春花,03-8871426,是,否,是,True,Low,11.361278506643401,252.55999755859375,Low
1894,花蓮縣瑞穗鄉,瑞穗村,成功北路18號,121.3759,23.4982,花蓮縣立瑞穗國民中學,全鄉,200,"水災,土石流",賴慶翰,03-8873111,是,否,是,True,Safe,1.607911038348114,106.5199966430664,Low
1901,花蓮縣瑞穗鄉,瑞祥村,4鄰祥北路二段127號,121.3588,23.4998,瑞祥社區活動中心,瑞祥村,30,"水災,土石流",黃崧庭,03-8876570,是,否,是,True,Low,6.729377604062387,178.6699981689453,Low
1902,花蓮縣瑞穗鄉,瑞穗村,14鄰民生街41號,121.3787,23.4998,瑞穗社區活動中心,瑞穗村,30,"水災,土石流",吳萬德,03-8872964,是,否,是,True,Safe,1.4756331237857423,101.19000244140625,Low
1913,花蓮縣壽豐鄉,豐裡村,中山路257號,121.3021,23.5034,豐裡活動中心,豐裡村,42,"水災,震災,土石流,海嘯",曾振倫,03-8652802,是,否,是,True,Safe,26.919373297409017,969.6300048828125,Medium
1923,花蓮縣瑞穗鄉,鶴岡村,14鄰85之6號,121.3911,23.5097,鶴岡社區活動中心,鶴岡村,30,"水災,土石流",余新德,03-8873392,是,否,是,True,Safe,2.5999017368912813,104.5199966430664,Low
1957,花蓮縣瑞穗鄉,瑞北村,4鄰祥北路一段54之1號,121.3765,23.5267,瑞北社區活動中心,瑞北村,30,"水災,土石流",李孔忠,03-8871754,是,否,是,True,Medium,2.670685326470821,110.08999633789062,Low
2047,花蓮縣豐濱鄉,豐濱村,16鄰豐里49之1號,121.4859,23.5681,八里灣基督長老教會,豐濱村八里灣部落,0,"水災,震災",吳德助,03-8791653,是,否,是,True,High,17.42862591420466,204.02000427246094,Low
2060,花蓮縣瑞穗鄉,富民村,2鄰中正路一段208之1號,121.3745,23.5743,富民社區活動中心,富民村,30,"水災,土石流",劉賢明,03-8811149,是,否,是,True,Low,1.5555104636269144,171.19000244140625,Low
2069,花蓮縣萬榮鄉,馬遠村,1鄰5號,121.362553,23.576867,馬遠社區活動中心,馬遠村,120,"水災,土石流,海嘯",溫秀瑛,03-8811184,是,否,是,True,Medium,6.347736272736666,205.66000366210938,Low
2070,花蓮縣萬榮鄉,馬遠村,2鄰馬遠39號,121.361934,23.576872,馬遠國民小學,馬遠村,200,"水災,土石流,海嘯",溫秀瑛,03-8811184,是,否,是,True,Medium,7.089103079984497,222.6999969482422,Low
2076,花蓮縣瑞穗鄉,富源村,10鄰學士路31號,121.3759,23.5776,富源社區活動中心,富源村,30,"水災,土石流",周玉梅,03-8811434,是,否,是,True,Medium,1.5768347868719002,176.85000610351562,Low
2077,花蓮縣瑞穗鄉,富源村,9鄰中正路157號,121.3764,23.5778,富源消防分隊,富源村、富民村、富興村,75,"水災,土石流",方小明,03-8811885,是,否,是,True,Medium,1.5839579861242832,176.85000610351562,Low
2085,花蓮縣瑞穗鄉,富興村,13鄰東興路134號,121.3877,23.5817,富興社區活動中心,富興村,30,"水災,土石流",莊明州,03-8811414,是,否,是,True,Low,1.8001966843701185,182.08999633789062,Low
2117,花蓮縣光復鄉,大全村,建國路一段1號,121.4125,23.598,光復自強外役監獄,大全村,300,"水災,震災,土石流",陳萬來,03-8703914#310,是,是,是,True,High,8.631746631906312,290.9100036621094,Low
2122,花蓮縣光復鄉,大富村,建國路一段 26之2號,121.4162,23.5992,花東山琉璃禪寺,大富村,50,"水災,震災,土石流",簡進發,03-8731340,是,否,是,True,High,10.322638514817244,303.6700134277344,Low
2130,花蓮縣豐濱鄉,豐濱村,光豐路26號,121.5218,23.6012,豐濱國中禮堂,豐濱村,0,"水災,震災,土石流",劉文彥,03-8791159,是,否,是,True,Safe,12.825850884265947,87.3499984741211,Low
2143,花蓮縣光復鄉,大富村,明德路29巷12號,121.3909,23.6073,大富國小,大富村.大豐村,80,"水災,震災,土石流",郭瑛忠,03-8701049,是,是,是,True,Safe,1.6734643701673046,189.5,Low
2177,花蓮縣光復鄉,大興村,民權街17號,121.3982,23.6323,大興國小,大興村,300,"水災,震災,土石流",陳吉文,03-8702987,是,是,是,True,Low,1.4274797620256185,158.0800018310547,Low
2180,花蓮縣光復鄉,大興村,民權街37號,121.3942,23.6338,大興活動中心,大興村,100,"水災,震災,土石流",劉建榮,03-8702216,是,否,是,True,Medium,2.0633311821639375,167.1999969482422,Low
2182,花蓮縣豐濱鄉,新社村,9鄰東興18-1號,121.5308,23.6351,東興部落原住民多功能活動中心,新社村及磯崎村,0,海嘯,石蓮花,03-8711158,是,否,是,True,High,11.944816629948669,102.7699966430664,Low
2185,花蓮縣光復鄉,西富村,民有街51巷3-1號,121.4295,23.6362,馬佛活動中心,西富村,100,"水災,震災,土石流",高有民,03-8702206,是,否,是,True,Safe,1.9266191653898674,143.6999969482422,Low
2202,花蓮縣光復鄉,南富村,建國路二段39號,121.4512,23.6419,砂荖活動中心,南富村,100,"水災,震災,土石流",吳福鍵,03-8702206,是,否,是,True,Safe,3.2791924776600005,152.5399932861328,Low
2219,花蓮縣豐濱鄉,新社村,150號,121.5354,23.6519,新社國小二樓綜合教室,新社村,200,"水災,震災,土石流",許傳方,03-8711138,是,否,是,True,Medium,13.87017106723976,131.8800048828125,Low
2220,花蓮縣光復鄉,大全村,中山路一段216巷8號,121.4184,23.6521,光復鄉立托兒所,大全村.大進村,100,"水災,震災,土石流",羅彩和,03-8705165,是,是,是,True,Low,0.9733046410886171,126.66000366210938,Low
2227,花蓮縣光復鄉,西富村,中正路二段72巷14號,121.4494,23.6584,西南活動中心,西富村,100,"水災,震災,土石流",劉貴滿,03-8702923,是,否,是,True,Safe,1.1390256872017204,115.19999694824219,Low
2232,花蓮縣光復鄉,北富村,中正路二段23號,121.4484,23.6601,太巴塱國小,北富村.西富村,100,"水災,震災,土石流",林萬男,03-8701134#10,是,是,是,True,Safe,1.6343544490760422,115.22000122070312,Low
2236,花蓮縣光復鄉,大同村,中正路一段370號,121.431,23.6633,大同活動中心,大同村,100,"水災,震災,土石流",吳張義,03-8701180,是,否,是,True,Safe,2.022468974066295,120.27999877929688,Low
2244,花蓮縣光復鄉,大華村,中華路257號,121.4233,23.6694,光復鄉公所,大安村、大華村,100,"水災,震災,土石流",黃微鈞,03-8702206#239,是,是,是,True,Medium,2.240404917379007,161.6999969482422,Low
2247,花蓮縣光復鄉,大馬村,林森路200號,121.4248,23.6705,光復國中,大平村.大馬村.大同村,100,"水災,震災,土石流",葉淑貞,03-8701027,是,是,是,True,Medium,1.1052264729780894,126.68000030517578,Low
2277,花蓮縣光復鄉,東富村,東富路60號,121.4825,23.6845,東富國小,東富村,100,"水災,震災,土石流",鄭金寶,03-8701292,是,是,是,True,Safe,8.981322559743287,165.74000549316406,Low
2293,花蓮縣萬榮鄉,明利村,5鄰75號,121.4018,23.696,馬太鞍社區活動中心,明利村,80,"水災,土石流,海嘯",許花麗,03-8751114,是,否,是,True,Safe,14.11522974109827,303.739990234375,Low
2323,花蓮縣萬榮鄉,明利村,2鄰34-8號,121.412375,23.704834,明利社區活動中心,明利村,100,"水災,土石流,海嘯",許花麗,03-8751114,是,否,是,True,Safe,10.347206773748695,264.6300048828125,Low
2333,花蓮縣豐濱鄉,磯崎村,71號,121.5419,23.7085,磯崎村辦公處活動中心,磯崎村,0,"水災,震災,土石流",李貴良,03-8711029,是,否,是,True,Medium,21.543989080524117,146.5800018310547,Medium
2337,花蓮縣鳳林鎮,長橋里,長橋路4號,121.4195,23.7097,長橋社區活動中心,長橋里,50,"水災,土石流",董經碩,03-8751131,是,否,否,True,Safe,1.4291127943116793,145.0800018310547,Low
2338,花蓮縣萬榮鄉,明利村,1鄰13-3號,121.414808,23.709766,萬榮鄉立幼兒園,明利村,50,"水災,土石流,海嘯",許花麗,03-8751114,是,否,是,True,Safe,1.6117874837379322,152.0500030517578,Low
2350,花蓮縣萬榮鄉,萬榮村,1鄰8號,121.410119,23.714392,萬榮社區活動中心,萬榮村,50,"水災,土石流,海嘯",陳如花,03-8751497,是,否,是,True,Safe,11.542997838436095,281.3800048828125,Low
2357,花蓮縣鳳林鎮,森榮里,林森路113-1號,121.3972,23.7176,森榮里辦公處,森榮里,30,水災,董經碩,03-8751926,是,否,否,True,Safe,12.061175182876504,253.10000610351562,Low
2384,花蓮縣鳳林鎮,鳳信里,中正路1段120巷24號,121.4434,23.7297,鳳信社區活動中心,鳳信里,50,"水災,土石流",傅金棟,03-8764212,是,否,否,True,Low,1.0276009861545874,122.69000244140625,Low
2397,花蓮縣鳳林鎮,鳳智里,中華路2號,121.449348,23.741218,樂活會館,鳳義里、鳳信里、山興里、南平里,150,"水災,震災,土石流",詹芳雅,03-8762771轉191,是,否,否,True,Safe,0.8798020203875848,109.76000213623047,Low
2401,花蓮縣鳳林鎮,鳳智里,中正路2段1號,121.4472,23.7429,鳳林鎮藝文中心,鳳智里、山興里,300,"水災,震災,土石流",巫賢偉,03-8762031#14,是,是,否,True,Safe,1.0225815712147648,110.37000274658203,Low
2403,花蓮縣鳳林鎮,鳳智里,鳳林鎮光復路8號,121.4488,23.7439,鳳林國中進德堂,鳳智里,350,"水災,震災,土石流",鍾孔麟,03-8762021,是,是,否,True,Safe,0.9133409855468952,109.06999969482422,Low
2405,花蓮縣鳳林鎮,鳳智里,光華路124號,121.4518,23.7447,鳳林鎮公所,鳳智里,80,"水災,震災,土石流",蕭文龍,03-8762772,是,否,否,True,Safe,0.9877926694574952,107.18000030517578,Low
2410,花蓮縣鳳林鎮,鳳智里,大同街7-1號,121.451,23.746,"鳳禮,鳳智里活動中心",鳳智里、鳳禮里,60,"水災,土石流",張燕春,03-8763910,是,否,是,True,Safe,0.8655770006834713,105.0199966430664,Low
2420,花蓮縣鳳林鎮,鳳義里,鳳林鎮水源路56-2號,121.4393,23.7491,鳳義社區活動中心,鳳義里,50,土石流,傅金棟,03-8763004,是,否,否,True,Safe,1.292012610960049,109.58000183105469,Low
2422,花蓮縣鳳林鎮,鳳仁里,中華路111號,121.452,23.7498,鳳仁社區活動中心,鳳仁里,50,"水災,土石流",劉清盛,03-8763174,是,否,否,True,Safe,0.9928673505892394,100.94999694824219,Low
2429,花蓮縣鳳林鎮,鳳仁里,鳳林鎮光復路94號,121.4518,23.7512,鳳仁國小羽球館,鳳仁里,300,"水災,震災,土石流",鍾肇憲,03-8762201,是,是,否,True,Low,1.1537324680685914,100.69000244140625,Low
2433,花蓮縣鳳林鎮,大榮里,復興路69號,121.4676,23.7523,大榮2村社區活動中心,大榮里,50,"水災,土石流",劉清盛,03-8763419,是,否,否,True,Safe,0.7119954244750544,90.41000366210938,Low
2434,花蓮縣鳳林鎮,大榮里,鳳林鎮大榮3路15號,121.4676,23.7523,大榮1村社區活動中心,大榮里,50,"水災,土石流",劉清盛,03-8763419,是,否,否,True,Safe,0.7119954244750544,90.41000366210938,Low
2480,花蓮縣鳳林鎮,北林里,民和路1號,121.471,23.7672,北林3村社區活動中心,北林里,50,土石流,戴佳明,8761724,是,否,否,True,Safe,0.846996245835257,86.19999694824219,Low
2505,花蓮縣鳳林鎮,南平里,自強路368-1號,121.4584,23.7817,南平社區活動中心,南平里,50,"水災,土石流",江麗琴,03-8771735,是,否,否,True,Low,1.4424768822170166,116.94999694824219,Low
2506,花蓮縣壽豐鄉,水璉村,水璉二街21號,121.5472,23.7817,水璉活動中心,水璉村,41,"水災,震災,土石流",黃文達,03-8601055,是,否,是,True,Safe,21.02893220600743,226.8800048828125,Medium
2509,花蓮縣萬榮鄉,見晴村,7鄰89號,121.451955,23.783512,見晴國民小學,見晴村,130,"水災,土石流,海嘯",馬麗琴,03-8771034,是,否,是,True,Medium,1.3427208860388657,126.16000366210938,Low
2534,花蓮縣壽豐鄉,米棧村,米棧路二段21號,121.5243,23.7951,米棧活動中心,米棧村,34,"水災,震災,土石流,海嘯",黃明輝,03-8741367,是,否,是,True,Medium,26.76539990192565,285.8699951171875,Medium
2561,花蓮縣鳳林鎮,林榮里,永康路54號,121.45,23.8035,林榮社區活動中心,林榮里,50,"水災,土石流",江麗琴,03-8771014,是,否,否,True,Safe,2.115138611788194,161.02000427246094,Low
2598,花蓮縣壽豐鄉,溪口村,溪口路103巷2號,121.4734,23.8195,溪口活動中心,溪口村,50,"水災,震災,土石流,海嘯",黃素珠,03-8652809,是,否,是,True,Low,2.6768074533455324,141.35000610351562,Low
2619,花蓮縣壽豐鄉,豐坪村,豐坪路2段73號,121.5096,23.8351,豐坪活動中心,豐坪村,32,"水災,震災,土石流,海嘯",曾振倫,03-8652803,是,否,是,True,Safe,1.00176619697774,55.040000915527344,Low
2629,花蓮縣壽豐鄉,樹湖村,大樹腳59號,121.4692,23.8407,樹湖活動中心,樹湖村,38,"水災,震災,土石流,海嘯",黃素珠,03-8652810,是,否,是,True,High,15.963577516963468,240.2100067138672,Low
2639,花蓮縣壽豐鄉,豐山村,中山路41號,121.4918,23.8464,豐山國小,豐山村,50,"水災,震災,土石流,海嘯",林忠宏,03-8651640,是,否,是,True,Safe,1.0654022796198854,59.970001220703125,Low
2643,花蓮縣壽豐鄉,豐山村,中山路127巷15號,121.4936,23.8478,豐山活動中心,豐山村,47,"水災,震災,土石流,海嘯",陳春盛,03-8652801,是,否,是,True,Safe,0.9802912485246859,55.13999938964844,Low
2660,花蓮縣萬榮鄉,西林村,8鄰134號,121.342737,23.855288,西林社區活動中心,西林村,100,"水災,土石流,海嘯",郭瑪利,03-8771524,是,否,是,True,Safe,49.26000154893558,1378.760009765625,High
2668,花蓮縣萬榮鄉,西林村,7鄰103號,121.3593,23.8576,西林天主堂,西林村,100,"水災,土石流,海嘯",郭瑪利,03-8771524,是,否,是,True,Safe,47.707554598184394,1293.0,High
2688,花蓮縣壽豐鄉,月眉村,月眉路3段24號,121.556384,23.867967,月眉國小,壽豐鄉月眉村,50,"水災,震災,土石流,海嘯",劉康盛,03-8631011,是,否,是,True,Medium,2.500396104841055,56.72999954223633,Low
2689,花蓮縣壽豐鄉,米棧村,米棧路一段53號,121.5564,23.8681,月眉國小-米棧分校,米棧村,45,"水災,震災,土石流,海嘯",鍾萬仁,03-8741270,是,否,是,True,Medium,2.4635557121697187,56.08000183105469,Low
2691,花蓮縣壽豐鄉,壽豐村,壽豐路1段97號,121.5099,23.8691,壽豐活動中心,壽豐村,13,"水災,震災,土石流,海嘯",劉鳳珠,03-8652805,是,否,是,True,Safe,1.8380873660271753,42.2599983215332,Low
2693,花蓮縣壽豐鄉,共和村,農墾2街38號,121.5308,23.8693,共和活動中心,共和村,31,"水災,震災,土石流,海嘯",劉鳳珠,03-8652804,是,否,是,True,Safe,1.568629551280984,34.709999084472656,Low
2697,花蓮縣壽豐鄉,壽豐村,壽山路26號,121.5091,23.8704,壽豐鄉公所,壽豐鄉各村,50,"水災,震災,土石流,海嘯",李昌貴,03-8654110,否,是,是,True,Safe,1.2430575379551252,42.189998626708984,Low
2698,花蓮縣壽豐鄉,壽豐村,公園路30號,121.5091,23.8704,文化中心,壽豐村,50,"水災,震災,土石流,海嘯",陳自強,03-8652131-122,是,否,是,True,Safe,1.2430575379551252,42.189998626708984,Low
2701,花蓮縣壽豐鄉,鹽寮村,鹽寮165號,121.59829,23.871385,鹽寮活動中心,鹽寮村,15,"水災,震災,土石流",黃文達,03-8671123,是,否,是,True,High,14.18633169550179,151.3000030517578,Low
2722,花蓮縣壽豐鄉,光榮村,光榮1街26之1號,121.5143,23.8817,光榮活動中心,光榮村,39,"水災,震災,土石流,海嘯",沈佩儀,03-8652806,是,否,是,True,Safe,1.248631282160668,48.709999084472656,Low
2727,花蓮縣壽豐鄉,平和村,平和路32號,121.5197,23.8837,平和活動中心,平和村,49,"水災,震災,土石流,海嘯",陳美珠,03-8661801,是,否,是,True,Safe,1.7709597284242422,51.040000915527344,Low
2792,花蓮縣壽豐鄉,月眉村,月眉路三段108號,121.554,23.8996,月眉活動中心,月眉村,53,"水災,震災,土石流,海嘯",黃明輝,03-8631116,是,否,是,True,Safe,0.9030192189805589,37.08000183105469,Low
2804,花蓮縣壽豐鄉,志學村,中正路120巷13號,121.5322,23.9053,志學活動中心,志學村,40,"水災,震災,土石流,海嘯",徐琬玲,03-8661800,是,否,是,True,Medium,0.903652865853003,50.130001068115234,Low
2848,花蓮縣壽豐鄉,池南村,池南路2段17號,121.506,23.9197,池南活動中心,池南村,53,"水災,震災,土石流,海嘯",沈佩儀,03-8641008,是,否,是,True,Medium,9.951383713524452,250.80999755859375,Low
2876,花蓮縣吉安鄉,光華村,光華二街200號,121.578,23.934,光華活動中心,光華村,37,"水災,震災,土石流",葉光南,8422057,是,否,是,True,Safe,1.1281299181580353,36.9900016784668,Low
2902,花蓮縣吉安鄉,干城村,干城一街97巷1號,121.545,23.9474,干城活動中心,干城村,35,"水災,震災,土石流",林世昌,8526086,是,否,是,True,Low,1.2156814271289578,80.69999694824219,Low
2903,花蓮縣秀林鄉,文蘭村,6鄰79號,121.5068,23.9479,文蘭活動中心,重光、米亞丸社區,100,"水災,震災,土石流,海嘯",杜明輝,955079056,是,否,是,True,Medium,6.361555342108814,190.38999938964844,Low
2912,花蓮縣吉安鄉,仁安村,南海三街71號,121.5968,23.9517,仁安活動中心,仁安村,63,"水災,震災,土石流",蔡文隆,8422948,是,否,是,True,Safe,1.0440334203779216,15.8100004196167,Low
2916,花蓮縣吉安鄉,南華村,南華四街123號,121.5513,23.9527,南華活動中心,南華村,63,"水災,震災,土石流",蕭萬生,8534573,是,否,是,True,Low,1.3260216177430015,71.29000091552734,Low
2921,花蓮縣吉安鄉,稻香村,慶豐路79號,121.5757,23.9548,稻香活動中心,稻香村,40,"水災,震災,土石流",鄧桂英,8533083,是,否,是,True,Safe,1.0491571556961057,39.43000030517578,Low
2922,花蓮縣吉安鄉,永興村,永興七街86號,121.5683,23.955,永興活動中心,永興村,53,"水災,震災,土石流",陳源忠,8526058,是,否,是,True,Safe,1.0342466616987736,47.41999816894531,Low
2923,花蓮縣吉安鄉,仁和村,南海三街314號,121.5876,23.9563,仁和活動中心,仁和村,101,"水災,震災,土石流",賴明章,8523002,是,否,是,True,Safe,1.0539686827655157,24.399999618530273,Low
2950,花蓮縣秀林鄉,銅門村,9鄰53號,121.4944,23.965,銅門收容所,銅門村,70,"水災,土石流",何文忠,03-8641057,是,否,是,True,High,10.95000578778958,236.44000244140625,Low
2953,花蓮縣吉安鄉,東昌村,東海六街74號,121.5953,23.9658,東昌活動中心,東昌村,47,"水災,震災,土石流",魏錦添,8528607,是,否,是,True,Safe,1.599477436906975,16.6299991607666,Low
2961,花蓮縣吉安鄉,仁里村,仁里五街1號,121.5925,23.9684,仁里活動中心,仁里村,90,水災,楊昇達,8514057,是,否,是,True,Safe,1.7356670429825993,18.219999313354492,Low
2964,花蓮縣花蓮市,主農里,中順街77號,121.5968,23.9688,主農社區活動中心,主農、主安里,50,"水災,土石流,海嘯",劉冠宏,03-8350088,是,否,是,True,Safe,1.6383158292331348,15.069999694824219,Low
2965,花蓮縣吉安鄉,福興村,福德街1號,121.5624,23.9689,福興活動中心,福興村,106,"水災,震災,土石流",黃朝彬,8526216,是,否,是,True,Low,1.0949244921407242,45.5,Low
2970,花蓮縣吉安鄉,南昌村,文化七街64號,121.5797,23.9704,南昌活動中心,南昌村,72,"震災,土石流,海嘯",陳振興,8521081,是,否,是,True,Safe,0.9819125725427411,29.68000030517578,Low
2973,花蓮縣花蓮市,主學里,中正路210號,121.5997,23.9717,中正國小,主農、主安、主力、主學、主權、主和等里,187,"水災,土石流,海嘯",陳世文,03-8322819,是,否,否,True,Safe,0.8869399547307634,12.869999885559082,Low
2974,花蓮縣花蓮市,主權里,中原路531號,121.5964,23.9718,中原國小文中三國中預定地,主農、主安、主力、主學、主權、主和等里,85,"水災,土石流,海嘯",陳雅琪,03-8333547,是,否,否,True,Safe,0.8927438514283963,15.300000190734863,Low
2981,花蓮縣吉安鄉,吉安村,吉安路二段97號,121.5628,23.9734,吉安國小,吉安村,223,"水災,震災,土石流",廖必偉,8523984,是,否,是,True,Low,1.1691897865652219,42.5099983215332,Low
2982,花蓮縣花蓮市,主睦里,成功街169號,121.6058,23.9734,花蓮城隍廟香客大樓,花蓮市各里,100,"水災,土石流,海嘯",孫吉造,03-8222854,是,否,否,True,Safe,0.8189311889002535,8.510000228881836,Low
2984,花蓮縣吉安鄉,吉安村,中興路355巷7號,121.5643,23.9736,吉安活動中心,吉安村,32,"震災,土石流,海嘯",溫金勝,8535282,是,否,是,True,Low,1.2247023790949951,41.630001068115234,Low
2986,花蓮縣吉安鄉,吉安村,中山路三段99巷18號,121.5742,23.974,五穀宮,全鄉,70,"水災,震災,土石流",林俊德,8521334,是,否,是,True,Safe,1.264108789701686,32.09000015258789,Low
2989,花蓮縣吉安鄉,勝安村,慈惠一街30號,121.5869,23.9754,勝安活動中心,勝安村,38,"水災,震災,土石流",陳昌周,8522377,是,否,是,True,Safe,1.6525332810858735,23.329999923706055,Low
2990,花蓮縣吉安鄉,宜昌村,吉祥六街52巷9號,121.5832,23.9756,宜昌活動中心,宜昌村,49,"震災,土石流,海嘯",范來新,8535389,是,否,是,True,Safe,1.7225124143606894,26.739999771118164,Low
2991,花蓮縣花蓮市,主力里,中華路298號,121.5986,23.9756,忠孝國小,主力、主學等里,47,"水災,土石流,海嘯",程立,03-8351218,是,否,否,True,Safe,0.9171442172681752,14.350000381469727,Low
2992,花蓮縣花蓮市,主權里,中原路666號,121.5938,23.9757,主權社區活動中心,主權里,72,"水災,土石流,海嘯",徐淑憶,03-8333749,是,否,是,True,Safe,0.962470049099843,17.700000762939453,Low
2996,花蓮縣吉安鄉,勝安村,慈惠三街118號,121.5867,23.9777,勝安宮,勝安村,1300,"水災,震災,土石流",田後隆,8528658,是,否,是,True,Safe,1.2780522930036617,23.559999465942383,Low
2998,花蓮縣吉安鄉,勝安村,慈惠三街136號,121.586,23.978,聖地慈惠堂,勝安村,700,"震災,土石流",劉幫政,8521334,是,否,是,True,Safe,1.300842048741115,25.329999923706055,Low
2999,花蓮縣花蓮市,民權里,公園路53號,121.6142,23.978,中正體育館,花蓮市各里,593,"水災,土石流",劉國華,03-8580686,是,否,否,True,Safe,3.8078037693761804,21.579999923706055,Low
3000,花蓮縣花蓮市,國風里,林政街7號,121.5954,23.9785,國風國中,國華、國風等里,800,"水災,土石流,海嘯",王錦懋,03-8323847,是,否,是,True,Safe,1.2352922139252662,16.899999618530273,Low
3004,花蓮縣花蓮市,國風里,明義街107號,121.6029,23.979,明義國小,國華、國光、國威、國治、國魂、國安、國防、國聯、國盛、國風、民主、民治、民有、民族、民生、民權、主商、主勤、主計、主義、主工、主睦、主信等里,185,"水災,土石流,海嘯",郭文隆,03-8326686,是,否,是,True,Safe,0.7433034477677917,10.140000343322754,Low
3021,花蓮縣花蓮市,國威里,林森路252號,121.6068,23.9821,花蓮市公所,花蓮市各里,37,"水災,土石流,海嘯",彭莉萍,03-8322141,是,否,是,True,Safe,0.9076020406779789,10.930000305175781,Low
3023,花蓮縣吉安鄉,慶豐村,慶北一街237號,121.5632,23.9825,慶豐活動中心,慶豐村,61,"震災,土石流,海嘯",鄭高富,8535375,是,否,是,True,Safe,1.029033528746609,48.0,Low
3025,花蓮縣花蓮市,國魂里,建國路161號,121.599,23.9836,國立花蓮農業職業學校,國華、國光、國治、國威、國安、國防、國聯、國盛、國風、國魂等里,382,"水災,土石流,海嘯",賴世榮,03-8312313,是,否,是,True,Safe,0.871940376391464,14.010000228881836,Low
3035,花蓮縣花蓮市,國安里,中山路418號,121.6025,23.9865,花蓮高商,國安、國聯、國魂等里,266,"水災,震災,土石流,海嘯",邱志恆,03-8322532210,是,否,否,True,Safe,0.8260531200913312,11.380000114440918,Low
3036,花蓮縣吉安鄉,南華村,南華四街123號,121.5947,23.987,北昌活動中心,北昌村,83,"震災,土石流,海嘯",黃加成,8577346,是,否,是,True,Safe,0.8086424204968958,17.110000610351562,Low
3047,花蓮縣花蓮市,民勤里,新興路80號,121.6157,23.9887,南美崙營區,花蓮市各里,300,"水災,震災,土石流,海嘯",姜富川中校參謀官,03-8358100轉838413,是,否,否,True,Safe,7.675688241299463,102.5999984741211,Low
3049,花蓮縣吉安鄉,永安村,太昌路488號,121.5731,23.989,永安活動中心,永安村,156,"震災,土石流,海嘯",郭仁添,8566167,是,否,是,True,Safe,1.1092712152279642,44.83000183105469,Low
3055,花蓮縣花蓮市,國盛里,國盛二街22號,121.607,23.992,中華國小,國華、國光、國威、國治、國魂、國安、國防、國聯、國盛、國風等里,189,"水災,土石流,海嘯",鍾吳南,03-8324308,是,否,是,True,Safe,2.4130542771336385,18.579999923706055,Low
3061,花蓮縣花蓮市,民政里,永興路20號,121.6255,23.9928,鑄強國小,民樂、民運、民政等里,293,"水災,震災,土石流,海嘯",葉克文,03-8223787,是,否,是,True,Safe,1.6357631131998003,40.08000183105469,Low
3064,花蓮縣吉安鄉,太昌村,太昌路488號,121.5639,23.9936,太昌活動中心,太昌村,80,"水災,震災,土石流",周明宗,8569236,是,否,是,True,Safe,1.3893317902541475,62.400001525878906,Low
3069,花蓮縣花蓮市,國富里,中山路903號,121.5947,23.995,明廉國小,國裕、國富里,51,"水災,震災,土石流,海嘯",李玉祥,03-8569088,是,否,是,True,Safe,0.9939042604294803,21.459999084472656,Low
3074,花蓮縣花蓮市,國興里,介仁街176號,121.5746,23.997,"慈濟大學附設國民中學,小學",國興、國福、國慶等里,344,"水災,震災,土石流,海嘯",蔡亮雄,03-8572823,是,否,是,True,Safe,1.5032429542050447,47.529998779296875,Low
3075,花蓮縣花蓮市,民孝里,化道路40巷1號,121.6277,23.9978,美崙國中,民孝、民心、民享、民樂、民運、民政、民德、民立、民勤、民意等里,193,"水災,震災,土石流",吳斯美,03-8223537,是,否,否,True,Safe,2.4847434964022765,30.959999084472656,Low
3076,花蓮縣花蓮市,國裕里,裕祥路89號,121.5991,23.9979,自強國中,國裕、國富里,330,"水災,震災,土石流,海嘯",鄭程議,03-8579338,是,否,是,True,Safe,0.8616368802490849,16.079999923706055,Low
3079,花蓮縣花蓮市,民意里,府前路27號,121.6199,23.9987,花蓮高工,民意、民孝、民心、民享、民樂、民運、民政、民德、民立、民勤等里,310,"水災,震災,土石流,海嘯",周婉茹,03-8226108,是,否,否,True,Safe,2.065251744472722,35.58000183105469,Low
3080,花蓮縣花蓮市,國興里,介仁街67號,121.5734,23.9997,慈濟大學人文社會學院,國興、國福、國慶等里,316,"水災,震災,土石流,海嘯",林憲國,03-8572677,是,否,是,True,Low,1.7774035967106436,49.689998626708984,Low
3085,花蓮縣花蓮市,國慶里,中山路1段200號,121.5916,24.0004,私立四維高級中學,國興、國福、國慶等里,500,"水災,震災,土石流,海嘯",許素卿,03-8561455,是,否,否,True,Safe,1.0901186428874612,24.329999923706055,Low
3093,花蓮縣花蓮市,民意里,府前路29號,121.6182,24.0017,行政院國軍退除役官兵輔導委員會花,花蓮縣,10,"水災,震災,土石流,海嘯",陳國榮,03-8223111,是,否,否,True,Safe,2.8660450470643766,31.280000686645508,Low
3094,花蓮縣花蓮市,民孝里,林園一街16號,121.631,24.0022,民孝社區活動中心,民孝、民享、民心等里,54,"水災,震災,土石流",黃石貴,03-8223273,是,否,是,True,Safe,2.235339763777803,31.989999771118164,Low
3095,花蓮縣新城鄉,嘉新村,嘉南路2巷13號,121.6142,24.0035,衛生福利部東區老人之家養護院區,嘉新村,180,"水災,震災,土石流,海嘯",范家榮,03-8222831,是,否,是,True,Safe,1.8573255297427658,15.619999885559082,Low
3096,花蓮縣秀林鄉,水源村,107號,121.554,24.0038,水源收容所,水源村,60,"水災,土石流",胡智偉,03-8567603,是,否,是,True,Medium,6.016598114587125,131.02999877929688,Low
3097,花蓮縣花蓮市,民意里,民光483-1號,121.6168,24.0039,大陳二村活動中心,民意里,63,"水災,土石流,海嘯",何芳玲,03-8241064,是,否,是,True,Safe,2.388852827660722,26.84000015258789,Low
3098,花蓮縣花蓮市,國慶里,達固湖灣大路23號,121.582,24.004,花蓮縣立體育場,花蓮市各里,527,"水災,土石流",林維聖,03-858068615,是,否,否,False,Low,3.0047229902659867,40.18000030517578,Low
3100,花蓮縣新城鄉,嘉新村,6鄰嘉南一街43巷5號,121.6123,24.0055,嘉新社區活動中心,嘉新村,71,"水災,震災,土石流,海嘯",邱明雄,8221227,是,否,是,True,Safe,2.34153670033764,15.8100004196167,Low
3113,花蓮縣花蓮市,國慶里,中山路1段500巷15號,121.5872,24.0076,花蓮港天宮,花蓮市各里,300,"水災,震災,土石流,海嘯",蘇正凱總幹事,03-8560017,是,否,是,True,Low,1.6772913831554324,27.25,Low
3119,花蓮縣花蓮市,國福里,沙基拉雅街111號,121.5819,24.0104,國福社區活動中心,國福里,35,"水災,震災,海嘯",呂啟明,03-8580837,是,否,是,True,Medium,1.3784960250639384,30.540000915527344,Low
3136,花蓮縣新城鄉,佳林村,民有2街29號,121.6023,24.0211,佳林社區活動中心,佳林村,36,"水災,土石流,海嘯",何禮飛,8260919,是,否,是,True,Safe,1.8119412630857052,21.209999084472656,Low
3141,花蓮縣新城鄉,嘉里村,嘉里路163號,121.6074,24.0244,國軍805醫院,嘉里村,100,"水災,震災,土石流,海嘯",高志雄,03-8263151,是,否,是,True,Safe,1.2711989770531398,21.549999237060547,Low
3149,花蓮縣新城鄉,大漢村,明潭街27號,121.6298,24.0271,七星潭社區活動中心,大漢村,27,"水災,土石流",李添富,8265717,是,否,是,True,Safe,4.189363810000637,41.70000076293945,Low
3150,花蓮縣新城鄉,北埔村,北埔路13號,121.6062,24.0275,基督教芥菜種會,北埔村,41,"水災,震災,土石流,海嘯",吳雅琴,03-8260653,是,否,是,True,Safe,1.2928013904401296,21.260000228881836,Low
3166,花蓮縣新城鄉,北埔村,北埔路259號,121.6032,24.0341,北埔社區活動中心,北埔村,35,"水災,震災,土石流,海嘯",王秋香,8269669,是,否,是,True,Safe,1.3960482165677635,22.889999389648438,Low
3173,花蓮縣新城鄉,大漢村,19鄰民有街101號,121.61,24.0368,大漢社區活動中心,大漢村,70,"水災,震災,土石流,海嘯",李添富,8265717,是,否,是,True,Safe,0.7335110436736043,20.239999771118164,Low
3175,花蓮縣新城鄉,大漢村,民有街2號,121.6119,24.038,復興南營區,新城村、順安村、康樂村、大漢村、北埔村,120,"水災,震災,土石流,海嘯",陳尚庭上尉,03-8269732,是,否,是,True,Safe,0.6216482592651551,20.239999771118164,Low
3181,花蓮縣新城鄉,大漢村,光復路572號,121.6042,24.0399,新城鄉立圖書館,北埔村、大漢村,58,"水災,震災,土石流,海嘯",黃志明,03-8261790,是,否,是,True,Safe,1.029721836905882,22.959999084472656,Low
3182,花蓮縣新城鄉,大漢村,大安街1號,121.6048,24.0405,新城鄉原住民文化館,北埔村、康樂村,90,"水災,震災,土石流,海嘯",陳薇,03-8267223,是,否,是,True,Safe,1.0306306035582316,22.549999237060547,Low
3183,花蓮縣新城鄉,北埔村,樹林街57巷9號,121.597687,24.040698,樹林腳社區活動中心,北埔村,39,"水災,震災,土石流,海嘯",王秋香,8269669,是,否,是,True,Safe,1.8757875753118642,28.43000030517578,Low
3205,花蓮縣新城鄉,康樂村,廣安1街112號,121.609904,24.053809,康樂社區活動中心,康樂村,30,"水災,震災,土石流,海嘯",賴明進,03-8260352,是,否,是,True,Low,0.93899164296081,21.139999389648438,Low
3206,花蓮縣秀林鄉,佳民村,119號,121.5994,24.0539,佳民國小收容所,佳民村,60,"水災,震災,土石流,海嘯",總務主任黃寶賢,03-8264900,是,否,是,True,High,1.5635132966908538,35.77000045776367,Low
3258,花蓮縣秀林鄉,景美村,加灣106號,121.6067,24.0825,景美活動中心,景美村,100,"水災,震災,土石流,海嘯",呂愛美,03-8267603,是,否,是,True,Medium,7.057113779920224,91.13999938964844,Low
3312,花蓮縣新城鄉,順安村,順安52-2號,121.621,24.1057,北三棧社區活動中心,順安村,35,"水災,震災,土石流,海嘯",黃仲祥,8611280,是,否,是,True,Low,1.571409703945176,16.5,Low
3355,花蓮縣新城鄉,順安村,草林158號,121.6365,24.1172,順安農宅示範中心,順安村,23,"水災,土石流,海嘯",黃仲祥,8611280,是,否,是,True,Low,1.6014894655468572,21.829999923706055,Low
3357,花蓮縣秀林鄉,秀林村,秀林路76號,121.6244,24.118,秀林國小收容所,秀林村,100,"水災,震災,土石流,海嘯",總務主任林正雄,03-8611393,是,否,是,True,High,5.848615139337993,89.97000122070312,Low
3378,花蓮縣新城鄉,新城村,仁愛路2巷172號,121.6497,24.1257,禪光育幼院,新城村,105,"水災,震災,土石流,海嘯",許淑媛,03-8612555,是,否,是,True,Safe,1.3023853960740062,21.670000076293945,Low
3387,花蓮縣新城鄉,新城村,博愛路31號,121.6513,24.1266,天主教聲遠之家,新城村,53,"水災,震災,土石流,海嘯",黃佩瑩,03-8610075,是,否,是,True,Safe,1.5179238199498606,21.239999771118164,Low
3392,花蓮縣新城鄉,新城村,博愛路66號,121.6502,24.1288,新城社區活動中心,新城村,23,"水災,震災,土石流,海嘯",胡國雄,8611519,是,否,是,True,Safe,2.0438082053227005,24.43000030517578,Low
3393,花蓮縣新城鄉,新城村,新興1街62號,121.6452,24.1301,興田社區活動中心,新城村,45,"水災,震災,土石流,海嘯",胡國雄,8611519,是,否,是,True,Safe,2.0055884888939572,31.780000686645508,Low
3437,花蓮縣秀林鄉,富世村,97號,121.6277,24.1473,富世活動中心,富世村,100,"水災,震災,土石流,海嘯",伊虹‧比岱,03-8611829,是,否,是,True,High,12.066073611445525,172.72000122070312,Low
3482,花蓮縣秀林鄉,崇德村,72號,121.6524,24.162,崇德國小收容所,崇德,100,"水災,震災,土石流,海嘯",陳月華,03-8621201,是,否,是,True,High,6.684880375823193,97.33999633789062,Low
3789,花蓮縣秀林鄉,和平村,三鄰108號,121.7483,24.3083,和平活動中心,和平村和仁,100,"水災,震災,土石流,海嘯",蔡金郎,03-8681113,是,否,是,True,Safe,2.0803155596676577,32.20000076293945,Low
